Mux Link Report,,,,,,,,,,,,,,,,,,,,,,,,,,,,
"Tuesday, March 22, 2016 05:22:19 pm",,,,,,,,,,,,,,,,,,,,,,,,,,,,
,,,,,,,,,,,,,,,,,,,,,,,,,,,,
Link Id,Site1Code,Site2Code,Site1Name,Site2Name,StmCapacity,Mux1Name,Mux2Name,Mux1Slot,Mux1Port,Mux2Slot,Mux2Port,Mux1Vendor,Mux2Vendor,Protection,LMSPSlot1,LMSPPort1,LMSPSlot2,LMSPPort2,FiberOpticalType,FOTRobiSlot,FOTRobiPort,FOTLease,Date,Status,Link Type,,Commercial Zone,Comments
STM64-DHGUL58_OSN35_1_S12P01-DHGUL58_OSN35_3_S07P01-COLOCATED,DHGUL58,DHGUL58,Uday Tower,Uday Tower,STM64,DHGUL58_OSN35_1,DHGUL58_OSN35_3,12,1,7,1,H,H,None,0,0,0,0,Co-located,,,,"Jan,14",OnAir,Optical,,DH,
"STM64-CGDMG01_OSN35_2_S08P01-CGCDGT1_OSN35_1_S12P01-ROBI 16, 18",CGDMG01,Klrght_bsc,Faruk Chamber,Kalurghat BSC,STM64,CGDMG01_OSN35_2,CGCDGT1_OSN35_1,8,1,12,1,H,H,Ring MSP,0,0,0,0,Robi,16,18,,"Jan,14",OnAir,Optical,,CG,
"STM64-DHTIA32_OSN35_2_S08P01-DHGUL48_OSN35_2_S11P01-ROBI 5, 6",DHTIA32,DHGUL48,Rupayan Garden,Kaderia,STM64,DHTIA32_OSN35_2,DHGUL48_OSN35_2,8,1,11,1,H,H,Ring MSP,0,0,0,0,Robi,5,6,,,Sent to Tx BO,Optical,,DH,
"STM64-CGDMG01_OSN35_1_S08P01-CGDMG29_OSN35_1_S11P01-ROBI 1, 2",CGDMG01,CGDMG29,Faruk Chamber,Akhteruzzaman,STM64,CGDMG01_OSN35_1,CGDMG29_OSN35_1,8,1,11,1,H,H,Ring MSP,0,0,0,0,Robi,1,2,,,Saved as Draft,Optical,,CG,
"STM64-CGDMG01_OSN35_1_S11P01-CGDMG29_OSN35_1_S08P01-ROBI 1, 2",CGDMG01,CGDMG29,Faruk Chamber,Akhteruzzaman,STM64,CGDMG01_OSN35_1,CGDMG29_OSN35_1,11,1,8,1,H,H,Ring MSP,0,0,0,0,Robi,1,2,,,Saved as Draft,Optical,,CG,
STM64-DHGUL58_OSN35_2_S12P01-DHGUL58_OSN35_3_S07P02-COLOCATED,DHGUL58,DHGUL58,Uday Tower,Uday Tower,STM64,DHGUL58_OSN35_2,DHGUL58_OSN35_3,12,1,7,2,H,H,None,0,0,0,0,Co-located,,,,,Saved as Draft,Optical,,DH,
STM64-DHGUL48_OSN35_1_S11P01-DHGUL48_OSN35_2_S07P01-COLOCATED,DHGUL48,DHGUL48,Kaderia,Kaderia,STM64,DHGUL48_OSN35_1,DHGUL48_OSN35_2,11,1,7,1,H,H,None,0,0,0,0,Co-located,,,,,Saved as Draft,Optical,,DH,
"STM64-DHGUL58_OSN35_3_S08P01-GPSDR34_OSN35_4_S08P01-ROBI 17, 18",DHGUL58,GPSDR34,Uday Tower,Pubail land 75m,STM64,DHGUL58_OSN35_3,GPSDR34_OSN35_4,8,1,8,1,H,H,None,0,0,0,0,DWDM,17,18,,,Saved as Draft,Optical,,DH,
STM64-NGSNG01_OSN35_2_S08P01-NGSNG01_OSN35_1_S12P01-COLOCATED,NGSNG01,NGSNG01,Kanchpur,Kanchpur,STM64,NGSNG01_OSN35_2,NGSNG01_OSN35_1,8,1,12,1,H,H,None,0,0,0,0,Co-located,,,,"Sep,15",OnAir,Optical,,DH,
"STM64-NGSNG01_OSN35_2_S07P01-NGRPG01_OSN35_1_S08P01-ROBI 47, 48",NGSNG01,NGRPG01,Kanchpur,Vulta,STM64,NGSNG01_OSN35_2,NGRPG01_OSN35_1,7,1,8,1,H,H,Ring MSP,0,0,0,0,Robi,47,48,,,Saved as Draft,Optical,,DH,
"STM64-DHGUL58_OSN35_2_S11P01-DHMJH28_OSN35_1_S11P01-ROBI 1, 4",DHGUL58,DHMJH28,Uday Tower,Twin,STM64,DHGUL58_OSN35_2,DHMJH28_OSN35_1,11,1,11,1,H,H,None,0,0,0,0,Robi,1,4,,,OnAir,Optical,,DH,
"STM64-DHUTT04_OSN35_2_S08P01-GPSDR34_OSN35_4_S12P01-ROBI 29, 30",DHUTT04,GPSDR34,Mascot,Pubail land 75m,STM64,DHUTT04_OSN35_2,GPSDR34_OSN35_4,8,1,12,1,H,H,Ring MSP,0,0,0,0,Robi,29,30,,"Sep,15",OnAir,Optical,,DH,
"STM64-DHGUL48_OSN35_2_S08P01-DHUTT04_OSN35_2_S11P01-ROBI 5, 6",DHGUL48,DHUTT04,Kaderia,Mascot,STM64,DHGUL48_OSN35_2,DHUTT04_OSN35_2,8,1,11,1,H,H,Ring MSP,0,0,0,0,Robi,5,6,,,OnAir,Optical,,DH,
STM64-GPSDR34_OSN35_3_S11P01-NGRPG01_OSN35_1_S7P01-Robi_1718,GPSDR34,NGRPG01,Pubail land 75m,Vulta,STM64,GPSDR34_OSN35_3,NGRPG01_OSN35_1,11,1,7,1,H,H,OSNCP,,,,,Robi,17,18,,,OnAir,Optical,,DH,
"STM64-DHMJH28_OSN35_1_S08P02-NGSNG01_OSN35_2_S08P02-ROBI 9, 10",DHMJH28,NGSNG01,Twin,Kanchpur,STM64,DHMJH28_OSN35_1,NGSNG01_OSN35_2,8,2,8,2,H,H,Ring MSP,,,,,Robi,9,10,,,Sent to Tx BO,Optical,,DH,
"STM64-CGKTLT1_OSN35_1_S07P01-CGDMG29_OSN35_2_S11P01-ROBI 3, 4",Azx,CGDMG29,Azad Bhaban,Akhteruzzaman,STM64,CGKTLT1_OSN35_1,CGDMG29_OSN35_2,7,1,11,1,H,H,Ring MSP,0,0,0,0,Robi,3,4,,,Saved as Draft,Optical,,CG,
STM64-GPSDR34_OSN35_2_S07P02-GPSDR34_OSN35_4_S07P01-COLOCATED,GPSDR34,GPSDR34,Pubail land 75m,Pubail land 75m,STM64,GPSDR34_OSN35_2,GPSDR34_OSN35_4,7,2,7,1,H,H,None,0,0,0,0,Co-located,,,,,Saved as Draft,Optical,,DH,
STM64-GPSDR34_OSN35_2_S07P01-GPSDR34_OSN35_3_S08P01-COLOCATED,GPSDR34,GPSDR34,Pubail land 75m,Pubail land 75m,STM64,GPSDR34_OSN35_2,GPSDR34_OSN35_3,7,1,8,1,H,H,None,0,0,0,0,Co-located,,,,,Saved as Draft,Optical,,DH,
"STM64-DHGUL58_OSN35_2_S08P01-DHGUL48_OSN35_1_S12P01-ROBI 3, 4",DHGUL58,DHGUL48,Uday Tower,Kaderia,STM64,DHGUL58_OSN35_2,DHGUL48_OSN35_1,8,1,12,1,H,H,Ring MSP,0,0,0,0,Robi,3,4,,"Nov,15",OnAir,Optical,,DH,
"STM64-DHUTT04_OSN35_2_S11P02-DHGUL58_OSN35_2_S11P02-ROBI 11, 12",DHUTT04,DHGUL58,Mascot,Uday Tower,STM64,DHUTT04_OSN35_2,DHGUL58_OSN35_2,11,2,11,2,H,H,Ring MSP,0,0,0,0,Robi,11,12,,,OnAir,Optical,,DH,
"STM64-DHUTT04_OSN35_2_S08P02-GPSDR34_OSN35_2_S08P02-ROBI 19, 20",DHUTT04,GPSDR34,Mascot,Pubail land 75m,STM64,DHUTT04_OSN35_2,GPSDR34_OSN35_2,8,2,8,2,H,H,Ring MSP,0,0,0,0,Robi,19,20,,,Saved as Draft,Optical,,DH,
"STM64-GPSDR34_OSN35_2_S11P01-DHGUL48_OSN35_1_S07P01-ROBI 11, 12",GPSDR34,DHGUL48,Pubail land 75m,Kaderia,STM64,GPSDR34_OSN35_2,DHGUL48_OSN35_1,11,1,7,1,H,H,Ring MSP,0,0,0,0,Robi,11,12,,,Sent to Tx BO,Optical,,DH,
"STM64-DHUTT04_OSN35_1_S12P01-GPSDR34_OSN35_2_S08P01-ROBI 7, 8",DHUTT04,GPSDR34,Mascot,Pubail land 75m,STM64,DHUTT04_OSN35_1,GPSDR34_OSN35_2,12,1,8,1,H,H,Ring MSP,0,0,0,0,Robi,7,8,,"Sep,15",OnAir,Optical,,DH,
"STM64-GPSDR34_OSN35_2_S12P01-NGSNG01_OSN35_1_S07P01-ROBI 7, 8",GPSDR34,NGSNG01,Pubail land 75m,Kanchpur,STM64,GPSDR34_OSN35_2,NGSNG01_OSN35_1,12,1,7,1,H,H,Ring MSP,0,0,0,0,Robi,7,8,,,OnAir,Optical,,DH,
"STM64-DHGUL58_OSN35_1_S11P01-DHGUL48_OSN35_1_S08P01-ROBI 11, 12",DHGUL58,DHGUL48,Uday Tower,Kaderia,STM64,DHGUL58_OSN35_1,DHGUL48_OSN35_1,11,1,8,1,H,H,Ring MSP,,,,,Robi,11,12,,,Sent to RO,Optical,,DH,
"STM64-NGSNG01_OSN35_2_S07P02-CMDKN01_OSN35_1_S08P01-ROBI 25, 26",NGSNG01,CMDKN01,Kanchpur,Gauripur,STM64,NGSNG01_OSN35_2,CMDKN01_OSN35_1,7,2,8,1,H,H,Linear MSP,11,2,11,1,Robi,25,26,,,Sent to Tx BO,Optical,,CM,
STM64-CMCDG01_SM60_1_S28P01-FNSDR01_SM60_1_S37P01- ,CMCDG01,FNSDR01,Falgunkara,Lemua,STM64,CMCDG01_SM60_1,FNSDR01_SM60_1,28,1,37,1,A,A,,,,,,,,,,39174,OnAir,Optical,,,
"STM64-FNSDR01_SM60_1_S28P1-CGMIR01_SM60_1_S37P1-ROBI 1, 2",FNSDR01,CGMIR01,Lemua,Wahidpur,STM64,FNSDR01_SM60_1,CGMIR01_SM60_1,28,1,37,1,A,A,None,0,0,0,0,Robi,1,2,,"Nov,13",OnAir,Optical,,%,
"STM64-NGSNG01_SM60_1_S34P01-DHGUL58_SM60_1_S34P01-ROBI 34, 36",NGSNG01,DHGUL58,Kanchpur,Uday Tower,STM64,NGSNG01_SM60_1,DHGUL58_SM60_1,34,1,34,1,A,A,None,0,0,0,0,Robi,34,36,,,Sent to RO,Optical,,DH,
STM64-CGDMG29_SM60_2_S25P01-CGKTLT1_SM60_1_S34P01-Robi_3132,CGDMG29,Azx,Akhteruzzaman,Azad Bhaban,STM64,CGDMG29_SM60_2,CGKTLT1_SM60_1,25,1,34,1,A,A,,,,,,Robi,31,32,,40232,OnAir,Optical,,CG,
STM64-CGSKD01_SM60_1_S37P01-CGDMG01_SM60_1_S28P01- ,CGSKD01,CGDMG01,Fauzdarhat,Faruk Chamber,STM64,CGSKD01_SM60_1,CGDMG01_SM60_1,37,1,28,1,A,A,,,,,,,,,,39152,OnAir,Optical,,,
STM64-CGKTLT1_SM60_1_S25P01-CGDMG01_SM60_1_S34P01-Robi_56,Azx,CGDMG01,Azad Bhaban,Faruk Chamber,STM64,CGKTLT1_SM60_1,CGDMG01_SM60_1,25,1,34,1,A,A,,,,,,Robi,5,6,,39567,OnAir,Optical,,CG,
STM64-CGDMG29_SM60_2_S37P01-CGDMG01_SM60_2_S25P01-Robi_1516,CGDMG29,CGDMG01,Akhteruzzaman,Faruk Chamber,STM64,CGDMG29_SM60_2,CGDMG01_SM60_2,37,1,25,1,A,A,,,,,,Robi,15,16,,40232,OnAir,Optical,,,
STM64-CGSKD01_SM60_1_S25P01-CGMIR01_SM60_1_S25P01- ,CGSKD01,CGMIR01,Fauzdarhat,Wahidpur,STM64,CGSKD01_SM60_1,CGMIR01_SM60_1,25,1,25,1,A,A,,,,,,,,,,39098,OnAir,Optical,,,
STM64-CGSKD01_SM60_1_S28P01-CGMIR01_SM60_1_S28P01- ,CGSKD01,CGMIR01,Fauzdarhat,Wahidpur,STM64,CGSKD01_SM60_1,CGMIR01_SM60_1,28,1,28,1,A,A,,,,,,,,,,41149,OnAir,Optical,,,
STM64-CMSDR01_SM60_1_S34P01-CMDKN01_SM60_1_S25P01-Robi_12,CMSDR01,CMDKN01,Alekharchar,Gauripur,STM64,CMSDR01_SM60_1,CMDKN01_SM60_1,34,1,25,1,A,A,,,,,,Robi,1,2,,39098,OnAir,Optical,,CM,
STM64-CMSDR01_SM60_1_S37P01-CMDKN01_SM60_1_S28P01-Lease_BPL,CMSDR01,CMDKN01,Alekharchar,Gauripur,STM64,CMSDR01_SM60_1,CMDKN01_SM60_1,37,1,28,1,A,A,,,,,,Lease,,,BPL,39210,OnAir,Optical,,CM,
STM64-CMDKN01_SM60_1_S37P01-NGSNG01_SM60_1_S28P01-Lease_BPL,CMDKN01,NGSNG01,Gauripur,Kanchpur,STM64,CMDKN01_SM60_1,NGSNG01_SM60_1,37,1,28,1,A,A,,,,,,Lease,,,BPL,39210,OnAir,Optical,,DH,
STM64-CMDKN01_SM60_1_S34P01-NGSNG01_SM60_1_S25P01-Robi_12,CMDKN01,NGSNG01,Gauripur,Kanchpur,STM64,CMDKN01_SM60_1,NGSNG01_SM60_1,34,1,25,1,A,A,,,,,,Robi,1,2,,40878,OnAir,Optical,,DH,
STM64-NGSNG01_SM60_1_S37P01-DHGUL58_SM60_1_S37P01-Lease_BPL,NGSNG01,DHGUL58,Kanchpur,Uday Tower,STM64,NGSNG01_SM60_1,DHGUL58_SM60_1,37,1,37,1,A,A,,,,,,Lease,,,BPL,39281,OnAir,Optical,,DH,
STM64-DHGUL58_SM60_1_S28P01-DHGUL58_SM60_2_S28P01-Co-located,DHGUL58,DHGUL58,Uday Tower,Uday Tower,STM64,DHGUL58_SM60_1,DHGUL58_SM60_2,28,1,28,1,A,A,,,,,,Co-located,,,,40537,OnAir,Optical,,DH,
STM64-DHGUL48_SM60_1_S34P01-DHGUL58_SM60_2_S37P01-Robi_12,DHGUL48,DHGUL58,Kaderia,Uday Tower,STM64,DHGUL48_SM60_1,DHGUL58_SM60_2,34,1,37,1,A,A,,,,,,Robi,1,2,,39979,OnAir,Optical,,,
"STM64-NGSNG01_OSN35_2_S11P02-CMDKN01_OSN35_1_S11P01-ROBI 1, 2",NGSNG01,CMDKN01,Kanchpur,Gauripur,STM64,NGSNG01_OSN35_2,CMDKN01_OSN35_1,11,2,11,1,H,H,None,0,0,0,0,DWDM,1,2,,,Operator Sent for Approval,Optical,,CM,"mahabuabi2g on Oct 3, 2015, 12:58 pm : LAMDA 68 (NGSNG01-CMDKN01)<br/>joysmit on Dec 3, 2014, 12:56 pm : ok<br/>"
"STM64-DHMJH28_OSN35_1_S12P01-DHSTR42_OSN35_1_S11P01-ROBI 19, 20",DHMJH28,DHSTR42,Twin,Salahuddin,STM64,DHMJH28_OSN35_1,DHSTR42_OSN35_1,12,1,11,1,H,H,Ring MSP,0,0,0,0,Robi,19,20,,"Sep,15",OnAir,Optical,,DH,"saiful.islam on May 6, 2014, 12:32 pm : Changed due to integrate ICX Ring2<br/>"
"STM64-DHGUL58_SPO60_2_S03P01-NGSNG01_SPO60_1_S04P01-ROBI 1, 2",DHGUL58,NGSNG01,Uday Tower,Kanchpur,STM64,DHGUL58_SPO60_2,NGSNG01_SPO60_1,3,1,4,1,E,E,None,0,0,0,0,Robi,1,2,,,Saved as Draft,Optical,,DH,
STM64-DHGUL58_SPO60_2_S01P01-NGSNG01_SPO60_1_S01P01-BPL,DHGUL58,NGSNG01,Uday Tower,Kanchpur,STM64,DHGUL58_SPO60_2,NGSNG01_SPO60_1,1,1,1,1,E,E,Linear MSP,3,1,4,1,Lease,29,30,BPL,,Saved as Draft,Optical,,DH,
"STM64-DHGUL58_SPO60_1_S1P1-GPSDR34_SPO60_1_S1P1-ROBI 15, 16",DHGUL58,GPSDR34,Uday Tower,Pubail land 75m,STM64,DHGUL58_SPO60_1,GPSDR34_SPO60_1,1,1,1,1,E,E,Ring MSP,0,0,0,0,DWDM,15,16,,"Nov,13",OnAir,Optical,,DH,
"STM64-NGSNG01_SPO60_1_S03P01-CMDKN01_SPO60_1_S01P01-ROBI 21, 22",NGSNG01,CMDKN01,Kanchpur,Gauripur,STM64,NGSNG01_SPO60_1,CMDKN01_SPO60_1,3,1,1,1,E,E,Linear MSP,5,1,7,1,Robi,21,22,,,OnAir,Optical,,DH,
"LMSP_STM64-NGSNG01_SPO60_1_S03P01-CMDKN01_SPO60_1_S01P01-ROBI 21, 22",NGSNG01,CMDKN01,Kanchpur,Gauripur,STM64,NGSNG01_SPO60_1,CMDKN01_SPO60_1,5,1,7,1,E,E,,,,,,Robi,,,,,OnAir,Optical,,DH,
"STM64-CMDKN01_SPO60_1_S03P01-CMSDR01_SPO60_1_S01P01-ROBI 11, 12",CMDKN01,CMSDR01,Gauripur,Alekharchar,STM64,CMDKN01_SPO60_1,CMSDR01_SPO60_1,3,1,1,1,E,E,Linear MSP,5,1,7,1,Robi,11,12,,,OnAir,Optical,,DH,
"STM64-CMDKN01_SPO60_1_S05P01-CMSDR01_SPO60_1_S07P01-ROBI 17, 18",CMDKN01,CMSDR01,Gauripur,Alekharchar,STM64,CMDKN01_SPO60_1,CMSDR01_SPO60_1,5,1,7,1,E,E,Ring MSP,0,0,0,0,Robi,17,18,,,OnAir,Optical,,CM,
"STM64-CGSKD01_OSN35_1_S08P01-CGDMG01_OSN35_2_S08P02-ROBI 11, 12",CGSKD01,CGDMG01,Fauzdarhat,Faruk Chamber,STM64,CGSKD01_OSN35_1,CGDMG01_OSN35_2,8,1,8,2,H,H,None,0,0,0,0,Robi,11,12,,,OnAir,Optical,,CG,
STM64-CGKTLT1_OSN35_1_S07P02-CGKTLT1_OSN35_2_S07P02-COLOCATED,CGKTLT1,CGKTLT1,Azad Bhaban,Azad Bhaban,STM64,CGKTLT1_OSN35_1,CGKTLT1_OSN35_2,7,2,7,2,H,H,Linear MSP,11,2,12,1,Co-located,,,,,Plan,Optical,,CG,
"STM64-DHGUL58_OSN35_3_S12P02-DHGUL29_OSN35_1_S08P01-ROBI 5, 6",DHGUL58,DHGUL29,Uday Tower,Khaja Tower,STM64,DHGUL58_OSN35_3,DHGUL29_OSN35_1,12,2,8,1,H,H,Ring MSP,0,0,0,0,Robi,5,6,,,OnAir,Optical,,DH,
"STM64-NGRPG01_OSN35_2_S8P1-DHGUL29_OSN35_1_S11P1-ROBI 5, 8",NGRPG01,DHGUL29,Vulta,Khaja Tower,STM64,NGRPG01_OSN35_2,DHGUL29_OSN35_1,8,1,11,1,H,H,Ring MSP,0,0,0,0,Robi,5,8,,"Sep,13",OnAir,Optical,,DH,
STM64-NGRPG01_OSN35_1_S07P02-NGRPG01_OSN35_2_S11P02-COLOCATED,NGRPG01,NGRPG01,Vulta,Vulta,STM64,NGRPG01_OSN35_1,NGRPG01_OSN35_2,7,2,11,2,H,H,Ring MSP,0,0,0,0,Co-located,,,,,Sent to Tx BO,Optical,,DH,
"STM64-DHGUL58_OSN35_3_S11P02-GPSDR34_OSN35_5_S08P01-ROBI 17, 18",DHGUL58,GPSDR34,Uday Tower,Pubail land 75m,STM64,DHGUL58_OSN35_3,GPSDR34_OSN35_5,11,2,8,1,H,H,Ring MSP,0,0,0,0,DWDM,17,18,,,Saved as Draft,Optical,,DH,"mahabuabi2g on Oct 6, 2015, 10:24 am : DHGUL58_WDM68_0_S11P01-GPSDR34_WDM68_0_S11P01-LAMDA 74<br/>mahabuabi2g on Sep 30, 2015, 1"
"STM64-GPSDR34_OSN35_5_S11P1-NGRPG01_OSN35_2_S11P1-ROBI 11, 12",GPSDR34,NGRPG01,Pubail land 75m,Vulta,STM64,GPSDR34_OSN35_5,NGRPG01_OSN35_2,11,1,11,1,H,H,Ring MSP,0,0,0,0,Robi,11,12,,"Sep,13",OnAir,Optical,,%,
STM64-CGDMG29_OSN35_3_S12P1-DHGUL58_OSN75_4_S13P1-BPL,CGDMG29,DHGUL58,Akhteruzzaman,Uday Tower,STM64,CGDMG29_OSN35_3,DHGUL58_OSN75_4,12,1,13,1,H,H,None,0,0,0,0,Lease,,,BPL,"Sep,13",OnAir,Optical,,%,
STM64-CGDMG29_OSN35_1_S11P2-CGDMG29_OSN35_3_S11P2-COLOCATED,CGDMG29,CGDMG29,Akhteruzzaman,Akhteruzzaman,STM64,CGDMG29_OSN35_1,CGDMG29_OSN35_3,11,2,11,2,H,H,None,0,0,0,0,Co-located,,,,"Sep,13",OnAir,Optical,,CG,
STM64-CGDMG29_OSN35_2_S08P01-CGDMG29_OSN35_3_S08P02-COLOCATED,CGDMG29,CGDMG29,Akhteruzzaman,Akhteruzzaman,STM64,CGDMG29_OSN35_2,CGDMG29_OSN35_3,8,1,8,2,H,H,None,0,0,0,0,Co-located,,,,,Saved as Draft,Optical,,CG,
STM64-CGDMG01_OSN35_1_S11P02-CGDMG01_OSN35_2_S12P02-COLOCATED,CGDMG01,CGDMG01,Faruk Chamber,Faruk Chamber,STM64,CGDMG01_OSN35_1,CGDMG01_OSN35_2,11,2,12,2,H,H,None,0,0,0,0,Co-located,,,,,Saved as Draft,Optical,,CG,
"STM64-DHTEJ15_OSN35_1_S07P02-DHTIA32_OSN35_2_S12P01-ROBI 11, 12",DHTEJ15,DHTIA32,FEROZ,Rupayan Garden,STM64,DHTEJ15_OSN35_1,DHTIA32_OSN35_2,7,2,12,1,H,H,Ring MSP,0,0,0,0,Robi,11,12,,"Sep,15",OnAir,Optical,,DH,
"STM64-DHTEJ15_OSN35_1_S08P01-DHGUL48_OSN35_1_S12P02-ROBI 3, 4",DHTEJ15,DHGUL48,FEROZ,Kaderia,STM64,DHTEJ15_OSN35_1,DHGUL48_OSN35_1,8,1,12,2,H,H,Ring MSP,0,0,0,0,Robi,3,4,,,OnAir,Optical,,DH,
STM64-DHGUL58_OSN75_4_S8P1-DHGUL58_OSN35_2_S8P2-COLOCATED,DHGUL58,DHGUL58,Uday Tower,Uday Tower,STM64,DHGUL58_OSN75_4,DHGUL58_OSN35_2,8,1,8,2,H,H,None,0,0,0,0,Co-located,,,,"Sep,13",OnAir,Optical,,DH,
"STM64-CGHTZ11_OSN35_1_S12P01-CGHTZ18_OSN35_1_S08P01-ROBI 7, 8",CGHTZ11,CGHTZ18,Egaro mile,Dhaloy 55m land,STM64,CGHTZ11_OSN35_1,CGHTZ18_OSN35_1,12,1,8,1,H,H,Ring MSP,0,0,0,0,Robi,7,8,,,Saved as Draft,Optical,,CG,
"STM64-CMSDR01_SPO60_1_S03P01-CMCDG01_SPO60_1_S01P01-ROBI 9, 10",CMSDR01,CMCDG01,Alekharchar,Falgunkara,STM64,CMSDR01_SPO60_1,CMCDG01_SPO60_1,3,1,1,1,E,E,Linear MSP,5,1,7,1,Robi,9,10,,"Sep,15",OnAir,Optical,,CG,
"STM64-CMSDR01_SPO60_1_S05P01-CMCDG01_SPO60_1_S07P01-ROBI 31, 32",CMSDR01,CMCDG01,Alekharchar,Falgunkara,STM64,CMSDR01_SPO60_1,CMCDG01_SPO60_1,5,1,7,1,E,E,None,0,0,0,0,Robi,31,32,,"Sep,15",OnAir,Optical,,CG,
"STM64-CMCDG01_SPO60_1_S03P01-FNSDR01_SPO60_1_S01P01-ROBI 9, 10",CMCDG01,FNSDR01,Falgunkara,Lemua,STM64,CMCDG01_SPO60_1,FNSDR01_SPO60_1,3,1,1,1,E,E,Linear MSP,5,1,7,1,Robi,9,10,,,Plan,Optical,,CG,
"STM64-CMCDG01_SPO60_1_S05P01-FNSDR01_SPO60_1_S07P01-ROBI 25, 26",CMCDG01,FNSDR01,Falgunkara,Lemua,STM64,CMCDG01_SPO60_1,FNSDR01_SPO60_1,5,1,7,1,E,E,None,0,0,0,0,Robi,25,26,,"Sep,15",OnAir,Optical,,CG,
"STM64-FNSDR01_SPO60_1_S03P01-CGMIR01_SPO60_1_S01P01-ROBI 9, 10",FNSDR01,CGMIR01,Lemua,Wahidpur,STM64,FNSDR01_SPO60_1,CGMIR01_SPO60_1,3,1,1,1,E,E,Linear MSP,5,1,7,1,Robi,9,10,,,OnAir,Optical,,CG,
"STM64-FNSDR01_SPO60_1_S05P01-CGMIR01_SPO60_1_S07P01-ROBI 20, 21",FNSDR01,CGMIR01,Lemua,Wahidpur,STM64,FNSDR01_SPO60_1,CGMIR01_SPO60_1,5,1,7,1,E,E,None,0,0,0,0,Robi,20,21,,"Sep,15",OnAir,Optical,,CG,
"STM64-CGSKD01_SPO60_1_S3P1-CGDMG01_SPO60_1_S1P1-ROBI 3, 4",CGSKD01,CGDMG01,Fauzdarhat,Faruk Chamber,STM64,CGSKD01_SPO60_1,CGDMG01_SPO60_1,3,1,1,1,E,,Linear MSP,5,1,3,1,Robi,3,4,,"Sep,13",OnAir,Optical,,CG,
"STM64-CGSKD01_SPO60_1_S05P01-CGDMG01_SPO60_1_S03P01-ROBI 39, 40",CGSKD01,CGDMG01,Fauzdarhat,Faruk Chamber,STM64,CGSKD01_SPO60_1,CGDMG01_SPO60_1,5,1,3,1,E,E,None,0,0,0,0,Robi,39,40,,"Sep,15",OnAir,Optical,,CG,
STM64-NGRPG01_SPO60_3_S05P01-NGRPG01_SPO60_4_S02P01-COLOCATED,NGRPG01,NGRPG01,Vulta,Vulta,STM64,NGRPG01_SPO60_3,NGRPG01_SPO60_4,5,1,2,1,E,E,Ring MSP,0,0,0,0,Co-located,,,,,Sent to Tx BO,Optical,,DH,
STM64-GPSDR34_OSN35_4_S11P1-GPSDR34_SPO60_1_S4P1-COLOCATED,GPSDR34,GPSDR34,Pubail land 75m,Pubail land 75m,STM64,GPSDR34_OSN35_4,GPSDR34_SPO60_1,11,1,4,1,H,E,None,0,0,0,0,Co-located,,,,"Sep,13",OnAir,Optical,,DH,
STM64-DHGUL58_OSN35_3_S11P1-DHGUL58_SPO60_1_S4P1-COLOCATED,DHGUL58,DHGUL58,Uday Tower,Uday Tower,STM64,DHGUL58_OSN35_3,DHGUL58_SPO60_1,11,1,4,1,H,E,None,0,0,0,0,Co-located,,,,"Sep,13",OnAir,Optical,,DH,
STM64-LEASE LINK MUX_1_S05P01-KHSDR04_LEASE_1_S03P01-LEASE VIRTUAL MUX,DHGUL58,KHSDR04,Uday Tower,Shilpa Bank,STM64,LEASE LINK MUX_1,KHSDR04_LEASE_1,5,1,3,1,S,S,None,0,0,0,0,Lease,,,LEASE VIRTUAL MUX,,Saved as Draft,Optical,,DH,
"STM64-CGSKD01_SPO60_1_S01P01-CGMIR01_SPO60_1_S03P01-ROBI 13, 14",CGSKD01,CGMIR01,Fauzdarhat,Wahidpur,STM64,CGSKD01_SPO60_1,CGMIR01_SPO60_1,1,1,3,1,E,E,Linear MSP,7,1,5,1,Robi,13,14,,,OnAir,Optical,,CG,
"STM64-CGSKD01_SPO60_1_S07P01-CGMIR01_SPO60_1_S05P01-ROBI 1, 2",CGSKD01,CGMIR01,Fauzdarhat,Wahidpur,STM64,CGSKD01_SPO60_1,CGMIR01_SPO60_1,7,1,5,1,E,E,None,0,0,0,0,Robi,1,2,,,OnAir,Optical,,CG,
STM64-LEASE LINK MUX_1_S05P02-KHSDR04_LEASE_1_S03P02-BPL+SCL+FAH,DHGUL58,KHSDR04,Uday Tower,Shilpa Bank,STM64,LEASE LINK MUX_1,KHSDR04_LEASE_1,5,2,3,2,0,0,None,0,0,0,0,Lease,,,BPL+SCL+FAH,,Sent to Tx BO,Optical,,%,
"STM64-CGDMG01_OSN35_2_S12P01-CGDMG29_OSN35_2_S07P01-ROBI 19, 20",CGDMG01,CGDMG29,Faruk Chamber,Akhteruzzaman,STM64,CGDMG01_OSN35_2,CGDMG29_OSN35_2,12,1,7,1,H,H,Ring MSP,0,0,0,0,Robi,19,20,,,Saved as Draft,Optical,,CG,
"STM64-DHGUL29_SPO60_1_S01P01-DHGUL58_SPO60_4_S05P01-ROBI 23, 24",DHGUL29,DHGUL58,Khaja Tower,Uday Tower,STM64,DHGUL29_SPO60_1,DHGUL58_SPO60_4,1,1,5,1,E,E,None,2,1,6,1,Robi,23,24,,,Saved as Draft,Optical,,DH,
"STM64-DHGUL29_SPO60_1_S02P01-DHGUL58_SPO60_4_S06P01-ROBI 5, 6",DHGUL29,DHGUL58,Khaja Tower,Uday Tower,STM64,DHGUL29_SPO60_1,DHGUL58_SPO60_4,2,1,6,1,E,E,None,0,0,0,0,Robi,5,6,,,Saved as Draft,Optical,,DH,"Intern.irtiza on Nov 4, 2013, 3:58 pm : To connect ICX at khaja tower(NRB telecom premise)<br/>"
"STM64-NGRPG01_SPO60_4_S04P01-NSPLS02_SPO60_1_S04P01-ROBI 35, 36",NGRPG01,NSPLS02,Vulta,Ghorashal Backbone 75m,STM64,NGRPG01_SPO60_4,NSPLS02_SPO60_1,4,1,4,1,E,E,Ring MSP,0,0,0,0,Robi,35,36,,,Sent to Tx BO,Optical,,DH,
"STM64-CMDKN01_OSN35_1_S08P02-CMSDR01_OSN35_1_S06P01-ROBI 33, 34",CMDKN01,CMSDR01,Gauripur,Alekharchar,STM64,CMDKN01_OSN35_1,CMSDR01_OSN35_1,8,2,6,1,H,H,Linear MSP,11,2,11,1,Robi,33,34,,"Sep,15",OnAir,Optical,,CM,
STM64-NGRPG01_OSN35_1_S11P01-NGRPG01_SPO60_1_S05P01-COLOCATED,NGRPG01,NGRPG01,Vulta,Vulta,STM64,NGRPG01_OSN35_1,NGRPG01_SPO60_1,11,1,5,1,H,E,None,0,0,0,0,Co-located,,,,,Saved as Draft,Optical,,DH,
"STM64-GPSDR34_SPO60_4_S04P01-NSPLS02_SPO60_1_S03P01-ROBI 43, 44",GPSDR34,NSPLS02,Pubail land 75m,Ghorashal Backbone 75m,STM64,GPSDR34_SPO60_4,NSPLS02_SPO60_1,4,1,3,1,E,E,Ring MSP,0,0,0,0,Robi,43,44,,,Sent to Tx BO,Optical,,DH,"rahikul.islam on Nov 10, 2014, 2:10 pm : Ring will confirmed within 12/11/2014 by Implementation team.<br/>"
"STM64-NGSNG01_OSN35_2_S11P01-DHTEJ15_OSN35_3_S11P01-ROBI 1, 2",NGSNG01,DHTEJ15,Kanchpur,FEROZ,STM64,NGSNG01_OSN35_2,DHTEJ15_OSN35_3,11,1,11,1,H,H,Ring MSP,0,0,0,0,DWDM,1,2,,,Operator Sent for Approval,Optical,,DH,"mahabuabi2g on Oct 13, 2015, 1:17 pm : NGSNG01_WDM88_3_S01P01-DHTEJ15_WDM88_1_S03P01-LAMDA 80<br/>mahabuabi2g on Oct 3, 2015, 3:"
"STM64-DHTEJ15_OSN35_3_S08P01-DHGUL48_OSN35_2_S12P01-ROBI 1, 2",DHTEJ15,DHGUL48,FEROZ,Kaderia,STM64,DHTEJ15_OSN35_3,DHGUL48_OSN35_2,8,1,12,1,H,H,Ring MSP,0,0,0,0,DWDM,1,2,,,Operator Sent for Approval,Optical,,DH,"scintillaatbdi2g on Oct 1, 2015, 10:06 am : LAMDA 80 (DHTEJ15-DHGUL48)<br/>"
"STM64-DHGUL48_OSN35_2_S08P02-DHGUL58_OSN75_4_S11P02-ROBI 13, 14",DHGUL48,DHGUL58,Kaderia,Uday Tower,STM64,DHGUL48_OSN35_2,DHGUL58_OSN75_4,8,2,11,2,H,H,Ring MSP,0,0,0,0,DWDM,13,14,,,Operator Sent for Approval,Optical,,DH,"mahabuabi2g on Oct 13, 2015, 11:59 am : DHGUL58_WDM88_2_S01P01-DHGUL48_WDM88_0_S01P01-LAMDA 80<br/>mahabuabi2g on Sep 30, 2015, "
"STM64-DHGUL58_OSN75_4_S08P02-DHUTT04_OSN35_2_S07P01-ROBI 1, 2",DHGUL58,DHUTT04,Uday Tower,Mascot,STM64,DHGUL58_OSN75_4,DHUTT04_OSN35_2,8,2,7,1,H,H,Ring MSP,0,0,0,0,DWDM,1,2,,,Operator Sent for Approval,Optical,,DH,"mahabuabi2g on Sep 30, 2015, 3:21 pm : LAMDA 80 (DHGUL58-DHUTT04)<br/>"
"STM64-DHUTT04_OSN35_2_S12P01-GPSDR34_OSN75_6_S30P01-ROBI 1, 2",DHUTT04,GPSDR34,Mascot,Pubail land 75m,STM64,DHUTT04_OSN35_2,GPSDR34_OSN75_6,12,1,30,1,H,H,Ring MSP,0,0,0,0,DWDM,1,2,,,Operator Sent for Approval,Optical,,DH,"mahabuabi2g on Oct 13, 2015, 12:21 pm : DHUTT04_WDM88_0_S01P01-GPSDR34_WDM88_1_S03P01-LAMDA 80<br/>mahabuabi2g on Oct 1, 2015, 1"
"STM64-GPSDR34_OSN75_6_S28P01-NGRPG01_OSN35_3_S11P01-ROBI 1, 2",GPSDR34,NGRPG01,Pubail land 75m,Vulta,STM64,GPSDR34_OSN75_6,NGRPG01_OSN35_3,28,1,11,1,H,H,Ring MSP,0,0,0,0,DWDM,1,2,,,Operator Sent for Approval,Optical,,DH,"mahabuabi2g on Oct 13, 2015, 12:38 pm : GPSDR34_WDM88_1_S01P01-NGRPG01_WDM88_1_S03P01-LAMDA 80<br/>mahabuabi2g on Oct 1, 2015, 2"
"STM64-NGRPG01_OSN35_3_S08P01-NGSNG01_OSN35_2_S12P01-ROBI 1, 2",NGRPG01,NGSNG01,Vulta,Kanchpur,STM64,NGRPG01_OSN35_3,NGSNG01_OSN35_2,8,1,12,1,H,H,Ring MSP,0,0,0,0,DWDM,1,2,,,Operator Sent for Approval,Optical,,DH,"mahabuabi2g on Oct 13, 2015, 1:12 pm : NGRPG01_WDM88_1_S01P01-NGSNG01_WDM88_3_S02P01-LAMDA 80<br/>mahabuabi2g on Oct 3, 2015, 11"
STM64-GPSDR34_SPO60_4_S02P01-GPSDR34_SPO60_3_S05P01-COLOCATED,GPSDR34,GPSDR34,Pubail land 75m,Pubail land 75m,STM64,GPSDR34_SPO60_4,GPSDR34_SPO60_3,2,1,5,1,E,E,None,0,0,0,0,Co-located,3,,,"Jan,14",OnAir,Optical,,DH,
"STM64-GPSDR34_SPO60_3_S03P01-DHUTT04_SPO60_1_S04P01-ROBI 3, 4",GPSDR34,DHUTT04,Pubail land 75m,Mascot,STM64,GPSDR34_SPO60_3,DHUTT04_SPO60_1,3,1,4,1,E,E,Ring MSP,0,0,0,0,DWDM,3,4,,,Sent to Tx BO,Optical,,DH,
"STM64-DHUTT04_SPO60_1_S03P01-DHGUL58_SPO60_4_S04P01-ROBI 3, 4",DHUTT04,DHGUL58,Mascot,Uday Tower,STM64,DHUTT04_SPO60_1,DHGUL58_SPO60_4,3,1,4,1,E,E,Ring MSP,0,0,0,0,DWDM,3,4,,,Saved as Draft,Optical,,DH,
STM64-CXSDR34_OSN75_1_S08P01-CXSDR08_OSN35_1_S08P01-FHL Leased,CXSDR34,CXSDR08,"General Hospital,Cox's",Jhilonjha_new,STM64,CXSDR34_OSN75_1,CXSDR08_OSN35_1,8,1,8,1,H,H,Ring MSP,0,0,0,0,Lease,,,FHL Leased,,Plan,Optical,,CG,
STM64-DHGUL58_OSN35_3_S12P01-DHGUL58_SPO60_2_S05P01-COLOCATED,DHGUL58,DHGUL58,Uday Tower,Uday Tower,STM64,DHGUL58_OSN35_3,DHGUL58_SPO60_2,12,1,5,1,H,E,None,0,0,0,0,Co-located,1,2,,,OnAir,Optical,,DH,
STM64-GPSDR34_OSN35_2_S12P2-GPSDR34_OSN75_6_S6P1-COLOCATED,GPSDR34,GPSDR34,Pubail land 75m,Pubail land 75m,STM64,GPSDR34_OSN35_2,GPSDR34_OSN75_6,12,2,6,1,H,H,None,0,0,0,0,Co-located,,,,"Nov,13",OnAir,Optical,,DH,
STM64-GPSDR34_OSN35_4_S8P2-GPSDR34_OSN75_6_S5P1-COLOCATED,GPSDR34,GPSDR34,Pubail land 75m,Pubail land 75m,STM64,GPSDR34_OSN35_4,GPSDR34_OSN75_6,8,2,5,1,H,H,None,0,0,0,0,Co-located,,,,"Nov,13",OnAir,Optical,,DH,
STM64-GPSDR34_OSN35_3_S11P2-GPSDR34_OSN75_6_S13P1-COLOCATED,GPSDR34,GPSDR34,Pubail land 75m,Pubail land 75m,STM64,GPSDR34_OSN35_3,GPSDR34_OSN75_6,11,2,13,1,H,H,None,0,0,0,0,Co-located,,,,"Nov,13",OnAir,Optical,,DH,
STM64-GPSDR34_OSN35_5_S08P02-GPSDR34_OSN75_6_S12P01-COLOCATED,GPSDR34,GPSDR34,Pubail land 75m,Pubail land 75m,STM64,GPSDR34_OSN35_5,GPSDR34_OSN75_6,8,2,12,1,H,H,Ring MSP,0,0,0,0,Co-located,,,,,Plan,Optical,,DH,
"STM64-CMSDR01_OSN35_1_S07P01-CMCDG01_OSN35_1_S07P01-ROBI 25, 26",CMSDR01,CMCDG01,Alekharchar,Falgunkara,STM64,CMSDR01_OSN35_1,CMCDG01_OSN35_1,7,1,7,1,H,H,Linear MSP,11,2,12,2,Robi,25,26,,,Plan,Optical,,CM,
"STM64-CMCDG01_OSN35_1_S12P01-FNSDR01_OSN35_1_S07P01-ROBI 25, 26",CMCDG01,FNSDR01,Falgunkara,Lemua,STM64,CMCDG01_OSN35_1,FNSDR01_OSN35_1,12,1,7,1,H,H,Linear MSP,7,2,12,1,Robi,25,26,,,Plan,Optical,,CM,
"STM64-FNSDR01_OSN35_1_S08P01-CGSKD01_OSN35_2_S07P01-ROBI 35, 36",FNSDR01,CGSKD01,Lemua,Fauzdarhat,STM64,FNSDR01_OSN35_1,CGSKD01_OSN35_2,8,1,7,1,H,H,Linear MSP,12,2,11,1,Robi,35,36,,,OnAir,Optical,,CG,
"STM64-FNSDR01_OSN35_1_S12P02-CGSKD01_OSN35_2_S11P01-ROBI 11, 12",FNSDR01,CGSKD01,Lemua,Fauzdarhat,STM64,FNSDR01_OSN35_1,CGSKD01_OSN35_2,12,2,11,1,H,H,None,0,0,0,0,Robi,11,12,,"Sep,15",OnAir,Optical,,CG,
STM64-CGCDG41_OSN35_1_S12P02-CGCDG41_OSN35_4_S08P01-COLOCATED,CGCDG41,CGCDG41,Chittagong South Core,Chittagong South Core,STM64,CGCDG41_OSN35_1,CGCDG41_OSN35_4,12,2,8,1,H,H,Ring MSP,0,0,0,0,Co-located,,,,"Jan,16",OnAir,Optical,,CG,
"STM64-CGDMG29_OSN35_3_S08P01-CGSKD01_OSN35_2_S11P02-ROBI 1, 2",CGDMG29,CGSKD01,Akhteruzzaman,Fauzdarhat,STM64,CGDMG29_OSN35_3,CGSKD01_OSN35_2,8,1,11,2,H,H,Ring MSP,0,0,0,0,Robi,1,2,,"Oct,15",OnAir,Optical,,CG,"scintillaatbdi2g on Oct 4, 2015, 11:24 am : LAMDA 44-(CGDMG29-CGSKD01)<br/>"
"STM64-CGSKD01_OSN35_2_S08P01-CGDMG01_OSN35_2_S11P01-ROBI 10, 11",CGSKD01,CGDMG01,Fauzdarhat,Faruk Chamber,STM64,CGSKD01_OSN35_2,CGDMG01_OSN35_2,8,1,11,1,H,H,Ring MSP,0,0,0,0,DWDM,10,11,,"Oct,15",OnAir,Optical,,CG,"scintillaatbdi2g on Oct 4, 2015, 11:58 am : LAMDA 74-(CGSKD01-CGDMG01)<br/>"
STM64-CGDMG29_OSN35_3_S06P01-CGDMG29_OSN75_4_S07P01-COLOCATED,CGDMG29,CGDMG29,Akhteruzzaman,Akhteruzzaman,STM64,CGDMG29_OSN35_3,CGDMG29_OSN75_4,6,1,7,1,H,H,None,,,,,Co-located,,,,,Saved as Draft,Optical,,CG,
"STM64-FNSDR01_OSN35_2_S07P01-NOBGM07_OSN35_1_S07P01-ROBI 15, 16",FNSDR01,NOBGM07,Lemua,Noakhali BSC,STM64,FNSDR01_OSN35_2,NOBGM07_OSN35_1,7,1,7,1,H,H,Ring MSP,0,0,0,0,Robi,15,16,,,OnAir,Optical,,CM,
STM64-CGDMG29_OSN35_2_S11P02-CGDMG29_OSN75_4_S06P01-COLOCATED,CGDMG29,CGDMG29,Akhteruzzaman,Akhteruzzaman,STM64,CGDMG29_OSN35_2,CGDMG29_OSN75_4,11,2,6,1,H,H,None,,,,,Co-located,,,,,Saved as Draft,Optical,,CG,
STM64-CGDMG29_OSN35_1_S08P02-CGDMG29_OSN75_4_S05P01-COLOCATED,CGDMG29,CGDMG29,Akhteruzzaman,Akhteruzzaman,STM64,CGDMG29_OSN35_1,CGDMG29_OSN75_4,8,2,5,1,H,H,None,,,,,Co-located,,,,,Saved as Draft,Optical,,CG,
"STM64-DHUTT04_OSN35_1_S08P01-DHBDDT1_OSN35_1_S08P01-ROBI 20, 21",DHUTT04,DHBDDT1,Mascot,Kazi Tower,STM64,DHUTT04_OSN35_1,DHBDDT1_OSN35_1,8,1,8,1,H,H,Ring MSP,0,0,0,0,Robi,20,21,,,OnAir,Optical,,DH,
"STM64-CGCDG41_OSN35_1_S08P01-CGKTLT1_OSN35_1_S11P01-ROBI 43, 44",CGCDG41,CGKTLT1,Chittagong South Core,Azad Bhaban,STM64,CGCDG41_OSN35_1,CGKTLT1_OSN35_1,8,1,11,1,H,H,Ring MSP,0,0,0,0,DWDM,43,44,,,Saved as Draft,Optical,,CG,
STM64-GPSDR34_OSN35_4_S11P02-GPSDR34_OSN35_5_S11P02-COLOCATED,GPSDR34,GPSDR34,Pubail land 75m,Pubail land 75m,STM64,GPSDR34_OSN35_4,GPSDR34_OSN35_5,11,2,11,2,H,H,Ring MSP,0,0,0,0,Co-located,10,11,,"Sep,15",OnAir,Optical,,DH,
"STM64-CMDKN01_OSN75_2_S07P01-CMSDR01_OSN75_3_S06P01-ROBI 10, 11",CMDKN01,CMSDR01,Gauripur,Alekharchar,STM64,CMDKN01_OSN75_2,CMSDR01_OSN75_3,7,1,6,1,H,H,Ring MSP,,,,,Robi,10,11,,,Sent to Tx BO,Optical,,CM,
"STM64-DHGUL58_SPO60_4_S03P01-NGSNG01_SPO60_2_S04P01-ROBI 35, 36",DHGUL58,NGSNG01,Uday Tower,Kanchpur,STM64,DHGUL58_SPO60_4,NGSNG01_SPO60_2,3,1,4,1,E,E,Ring MSP,0,0,0,0,Robi,35,36,,,Saved as Draft,Optical,,DH,
"STM64-CGMIR01_OSN35_1_S11P01-CGSKD01_OSN35_1_S07P01-ROBI 35, 36",CGMIR01,CGSKD01,Wahidpur,Fauzdarhat,STM64,CGMIR01_OSN35_1,CGSKD01_OSN35_1,11,1,7,1,H,H,Ring MSP,11,2,11,2,Robi,35,36,,"Sep,15",OnAir,Optical,,%,
"STM64-DHGUL58_SPO60_1_S07P01-DHMJH28_SPO60_1_S02P01-ROBI 33, 34",DHGUL58,DHMJH28,Uday Tower,Twin,STM64,DHGUL58_SPO60_1,DHMJH28_SPO60_1,7,1,2,1,E,E,Ring MSP,0,0,0,0,Robi,33,34,,,OnAir,Optical,,DH,
"STM64-CGDMG01_SPO60_3_S02P01-CGCDGT1_SPO60_1_S01P01-ROBI 31, 32",CGDMG01,Klrght_bsc,Faruk Chamber,Kalurghat BSC,STM64,CGDMG01_SPO60_3,CGCDGT1_SPO60_1,2,1,1,1,E,E,Ring MSP,0,0,0,0,Robi,31,32,,,BO,Optical,,CG,
"STM64-CGKTL36_SPO60_1_S02P01-CGKTLT1_SPO60_1_S01P01-ROBI 17, 18",CGKTL36,Azx,VIP,Azad Bhaban,STM64,CGKTL36_SPO60_1,CGKTLT1_SPO60_1,2,1,1,1,E,E,Ring MSP,0,0,0,0,Robi,17,18,,,BO,Optical,,CG,
"STM64-CGKTLT1_SPO60_1_S02P01-CGDMG29_SPO60_01_S01P01-ROBI 10, 10",Azx,CGDMG29,Azad Bhaban,Akhteruzzaman,STM64,CGKTLT1_SPO60_1,CGDMG29_SPO60_01,2,1,1,1,E,E,Ring MSP,0,0,0,0,DWDM,10,10,,,BO,Optical,,CG,
"STM64-CGDMG29_SPO60_01_S02P01-CGDMG01_SPO60_3_S01P01-ROBI 10, 10",CGDMG29,CGDMG01,Akhteruzzaman,Faruk Chamber,STM64,CGDMG29_SPO60_01,CGDMG01_SPO60_3,2,1,1,1,E,E,Ring MSP,0,0,0,0,DWDM,10,10,,,Sent to Tx BO,Optical,,CG,
STM64-SYSDR01_OSN35_2_S11P01-SYBLG04_OSN35_1_S11P02-BPL,SYSDR01,SYBLG04,Jalalabad Gas Bhaban,Kurua BKB 75m,STM64,SYSDR01_OSN35_2,SYBLG04_OSN35_1,11,1,11,2,H,H,None,0,0,0,0,Lease,,,BPL,,OnAir,Optical,,SY,
"STM64-NGRPG01_SPO60_3_S03P01-GPSDR34_SPO60_3_S04P01-ROBI 6, 7",NGRPG01,GPSDR34,Vulta,Pubail land 75m,STM64,NGRPG01_SPO60_3,GPSDR34_SPO60_3,3,1,4,1,E,E,Ring MSP,,,,,DWDM,6,7,,,Sent to Tx BO,Optical,,DH,
"STM64-DHMJH28_SPO60_1_S01P01-DHSTR42_SPO60_1_S02P01-ROBI 7, 8",DHMJH28,DHSTR42,Twin,Salahuddin,STM64,DHMJH28_SPO60_1,DHSTR42_SPO60_1,1,1,2,1,0,0,Ring MSP,,,,,Robi,7,8,,,Sent to Tx BO,Optical,,DH,
"STM64-DHTEJ15_OSN35_1_S11P02-DHSTR42_OSN35_1_S08P01-ROBI 7, 9",DHTEJ15,DHSTR42,FEROZ,Salahuddin,STM64,DHTEJ15_OSN35_1,DHSTR42_OSN35_1,11,2,8,1,H,H,Ring MSP,0,0,0,0,Robi,7,9,,"Sep,15",OnAir,Optical,,DH,
"STM64-DHMJH28_OSN35_1_S08P01-DHGUL58_OSN75_4_S14P01-ROBI 9, 10",DHMJH28,DHGUL58,Twin,Uday Tower,STM64,DHMJH28_OSN35_1,DHGUL58_OSN75_4,8,1,14,1,H,H,Ring MSP,0,0,0,0,Robi,9,10,,"Sep,15",OnAir,Optical,,DH,
STM64-DHMJH28_OSN35_1_S12P02-DHICX02_OSN35_1_S08P01-Summit,DHMJH28,DHICX02,Twin,Borak Tower,STM64,DHMJH28_OSN35_1,DHICX02_OSN35_1,12,2,8,1,H,H,Ring MSP,,,,,Lease,,,Summit,,Sent to Tx BO,Optical,,DH,
STM64-DHICX02_OSN35_1_S11P01-DHTEJ15_OSN35_3_S06P01-Summit,DHICX02,DHTEJ15,Borak Tower,FEROZ,STM64,DHICX02_OSN35_1,DHTEJ15_OSN35_3,11,1,6,1,H,H,Ring MSP,0,0,0,0,Lease,,,Summit,,BO,Optical,,DH,
"STM64-DHTEJ15_OSN35_3_S11P02-DHGUL58_OSN75_4_S11P01-ROBI 2, 4",DHTEJ15,DHGUL58,FEROZ,Uday Tower,STM64,DHTEJ15_OSN35_3,DHGUL58_OSN75_4,11,2,11,1,H,H,Ring MSP,0,0,0,0,DWDM,2,4,,,Operator Sent for Approval,Optical,,DH,"mahabuabi2g on Oct 6, 2015, 10:21 am : DHGUL58_WDM68_0_S11P01-GPSDR34_WDM68_0_S11P01-LAMDA 74<br/>scintillaatbdi2g on Sep 30, 20"
"STM64-DHGUL58_SPO60_1_S08P01-DHTEJ15_SPO60_1_S01P01-ROBI 9, 10",DHGUL58,DHTEJ15,Uday Tower,FEROZ,STM64,DHGUL58_SPO60_1,DHTEJ15_SPO60_1,8,1,1,1,E,E,Ring MSP,0,0,0,0,Robi,9,10,,,Saved as Draft,Optical,,%,
"STM64-CGDMG29_OSN35_3_S11P01-CGKTLT1_OSN35_2_S11P01-ROBI 1, 1",CGDMG29,Azx,Akhteruzzaman,Azad Bhaban,STM64,CGDMG29_OSN35_3,CGKTLT1_OSN35_2,11,1,11,1,H,H,Ring MSP,,,,,Robi,1,1,,,Sent to Tx BO,Optical,,CG,
STM64-CMSDR01_OSN75_2_S08P02-CMSDR01_OSN35_1_S08P01-COLOCATED,CMSDR01,CMSDR01,Alekharchar,Alekharchar,STM64,CMSDR01_OSN75_2,CMSDR01_OSN35_1,8,2,8,1,H,H,None,0,0,0,0,Co-located,,,,,Sent to Tx BO,Optical,,CM,
"STM64-CMSDR01_OSN35_1_S12P2-CMSDR01_OSN75_3_S12P01-ROBI 10, 11",CMSDR01,CMSDR01,Alekharchar,Alekharchar,STM64,CMSDR01_OSN35_1,CMSDR01_OSN75_3,12,2,12,1,H,H,Ring MSP,,,,,Robi,10,11,,,Saved as Draft,Optical,,CM,
"LMSP_STM64-CMCDG01_SPO60_1_S03P01-FNSDR01_SPO60_1_S01P01-ROBI 9, 10",CMCDG01,FNSDR01,Falgunkara,Lemua,STM64,CMCDG01_SPO60_1,FNSDR01_SPO60_1,5,1,7,1,E,E,,,,,,Robi,,,,,Plan,Optical,,CG,
"STM64-CMCDG01_OSN35_1_S08P02-FNSDR01_OSN35_2_S08P02-ROBI 19, 20",CMCDG01,FNSDR01,Falgunkara,Lemua,STM64,CMCDG01_OSN35_1,FNSDR01_OSN35_2,8,2,8,2,H,H,Ring MSP,11,2,11,1,Robi,19,20,,"Sep,15",OnAir,Optical,,CM,
STM64-CMSDR01_OSN75_2_S08P01-FNSDR01_OSN35_2_S06P01-FHL Lambda,CMSDR01,FNSDR01,Alekharchar,Lemua,STM64,CMSDR01_OSN75_2,FNSDR01_OSN35_2,8,1,6,1,H,H,Ring MSP,0,0,0,0,Lease,,,FHL Lambda,,Sent to Tx BO,Optical,,CM,
"STM64-FNSDR01_OSN35_2_S08P01-CGMIR01_OSN35_1_S08P01-ROBI 47, 48",FNSDR01,CGMIR01,Lemua,Wahidpur,STM64,FNSDR01_OSN35_2,CGMIR01_OSN35_1,8,1,8,1,H,H,Ring MSP,11,2,11,1,Robi,47,48,,"Sep,15",OnAir,Optical,,%,
STM64-CXSDR08_OSN35_1_S11P01-CXSDR02_OSN35_1_S11P01-FHL Leased,CXSDR08,CXSDR02,Jhilonjha_new,Sea Queen,STM64,CXSDR08_OSN35_1,CXSDR02_OSN35_1,11,1,11,1,H,H,Ring MSP,,,,,Lease,,,FHL Leased,,Sent to Tx BO,Optical,,CG,
"STM64-NGSNG01_OSN35_3_S06P01-CMDKN01_OSN75_2_S08P01-ROBI 19, 20",NGSNG01,CMDKN01,Kanchpur,Gauripur,STM64,NGSNG01_OSN35_3,CMDKN01_OSN75_2,6,1,8,1,H,H,Ring MSP,0,0,0,0,Robi,19,20,,"Sep,15",OnAir,Optical,,DH,
"STM64-NGRPG01_OSN35_3_S07P02-NGSNG01_OSN35_3_S11P01-ROBI 5, 6",NGRPG01,NGSNG01,Vulta,Kanchpur,STM64,NGRPG01_OSN35_3,NGSNG01_OSN35_3,7,2,11,1,H,H,Ring MSP,0,0,11,0,DWDM,5,6,,,Operator Sent for Approval,Optical,,DH,"mahabuabi2g on Oct 13, 2015, 1:13 pm : NGRPG01_WDM88_1_S05P02-NGSNG01_WDM88_3_S11P02-LAMDA 46<br/>mahabuabi2g on Oct 3, 2015, 12"
STM64-CXSDR34_OSN75_1_S07P01-CXSDR02_OSN35_1_S08P01-FHL Leased,CXSDR34,CXSDR02,"General Hospital,Cox's",Sea Queen,STM64,CXSDR34_OSN75_1,CXSDR02_OSN35_1,7,1,8,1,H,H,Ring MSP,,,,,Lease,,,FHL Leased,,Plan,Optical,,CG,
"STM64-CGSKD01_OSN35_1_S11P01-CGDMG29_OSN75_4_S13P02-ROBI 10, 11",CGSKD01,CGDMG29,Fauzdarhat,Akhteruzzaman,STM64,CGSKD01_OSN35_1,CGDMG29_OSN75_4,11,1,13,2,H,H,Ring MSP,12,1,12,2,DWDM,10,11,,,Sent to Tx BO,Optical,,CG,
"STM64-CTG_ICX_VITRUAL_1_S11P01-CGDMG29_ICX_VIRTUAL_1_S01P01-ROBI 5, 6",CTGICX01,CGDMG29,Press Club_M&H,Akhteruzzaman,STM64,CTG_ICX_VITRUAL_1,CGDMG29_ICX_VIRTUAL_1,11,1,1,1,Other,Other,None,,,,,Robi,5,6,,,Sent to Tx BO,Optical,,CG,
"STM64-CGDMG29_OSN75_4_S08P01-CGDMG29_ICX_VIRTUAL_1_S01P02-ROBI 1, 2",CGDMG29,CGDMG29,Akhteruzzaman,Akhteruzzaman,STM64,CGDMG29_OSN75_4,CGDMG29_ICX_VIRTUAL_1,8,1,1,2,H,Other,None,0,0,0,0,Robi,1,2,,,Saved as Draft,Optical,,CG,
"STM64-CGDMG29_OSN75_4_S11P01-CGDMG29_ICX_VIRTUAL_1_S01P03-ROBI 3, 4",CGDMG29,CGDMG29,Akhteruzzaman,Akhteruzzaman,STM64,CGDMG29_OSN75_4,CGDMG29_ICX_VIRTUAL_1,11,1,1,3,H,Other,None,0,0,0,0,Robi,3,4,,,Saved as Draft,Optical,,CG,
"STM64-CGDMG29_ICX_VIRTUAL_1_S01P04-CTG_ICX_VITRUAL_1_S11P02-ROBI 10, 11",CGDMG29,CTGICX01,Akhteruzzaman,Press Club_M&H,STM64,CGDMG29_ICX_VIRTUAL_1,CTG_ICX_VITRUAL_1,1,4,11,2,Other,Other,None,0,0,0,0,Robi,10,11,,,Saved as Draft,Optical,,CG,
STM64-CGCDGT1_OSN35_1_S07P02-CGCDGT1_OSN75_2_S07P01-COLOCATED,CGCDGT1,CGCDGT1,Kalurghat BSC,Kalurghat BSC,STM64,CGCDGT1_OSN35_1,CGCDGT1_OSN75_2,7,2,7,1,H,H,Linear MSP,12,2,11,1,Co-located,,,,,Plan,Optical,,CG,
STM64-CGDMG01_OSN35_1_S08P02-CGDMG01_OSN75_3_S07P02-COLOCATED,CGDMG01,CGDMG01,Faruk Chamber,Faruk Chamber,STM64,CGDMG01_OSN35_1,CGDMG01_OSN75_3,8,2,7,2,H,H,None,,,,,Co-located,,,,,Sent to Tx BO,Optical,,CG,
STM64-CGDMG01_OSN35_2_S07P02-CGDMG01_OSN75_3_S11P02-COLOCATED,CGDMG01,CGDMG01,Faruk Chamber,Faruk Chamber,STM64,CGDMG01_OSN35_2,CGDMG01_OSN75_3,7,2,11,2,H,H,None,,,,,Co-located,,,,,Sent to Tx BO,Optical,,CG,
"STM64-DHBDDT1_OSN35_1_S11P01-DHGUL58_OSN35_1_S08P01-ROBI 20, 21",DHBDDT1,DHGUL58,Kazi Tower,Uday Tower,STM64,DHBDDT1_OSN35_1,DHGUL58_OSN35_1,11,1,8,1,H,H,Ring MSP,0,0,0,0,Robi,20,21,,"Sep,15",OnAir,Optical,,DH,
"STM64-CGCDG41_OSN75_2_S03P01-CGKTLT1_OSN35_2_S08P01-ROBI 43, 44",CGCDG41,CGKTLT1,Chittagong South Core,Azad Bhaban,STM64,CGCDG41_OSN75_2,CGKTLT1_OSN35_2,3,1,8,1,H,H,Ring MSP,,,,,DWDM,43,44,,,Saved as Draft,Optical,,CG,
STM64-DHGUL58_SCL_VIRTUAL_1_S01P01-GPSDR34_SCL_VIRTUAL_1_S01P01-SCL,DHGUL58,GPSDR34,Uday Tower,Pubail land 75m,STM64,DHGUL58_SCL_VIRTUAL_1,GPSDR34_SCL_VIRTUAL_1,1,1,1,1,Other,Other,None,0,0,0,0,Lease,1,2,SCL,,Saved as Draft,Optical,,DH,"amitav on Aug 11, 2014, 6:21 pm : Uday_SCL_MX104_GE-0/3/9-Mux Port_ROBI_AGG_8800_Slf2_S5P1-Pubail_Mux Port:8800_Slf3_S1P1<br/>mu"
"STM64-NOBGM07_OSN35_1_S11P02-NOSNB07_OSN35_1_S07P01-ROBI 27, 28",NOBGM07,NOSNB07,Noakhali BSC,Khajuria,STM64,NOBGM07_OSN35_1,NOSNB07_OSN35_1,11,2,7,1,H,H,Ring MSP,0,0,0,0,Robi,27,28,,"Sep,15",OnAir,Optical,,CM,
STM64-NOBGM07_OSN35_1_S7P2-NOBGM07_OSN75_2_S07P02-COLOCATED,NOBGM07,NOBGM07,Noakhali BSC,Noakhali BSC,STM64,NOBGM07_OSN35_1,NOBGM07_OSN75_2,7,2,7,2,H,H,Ring MSP,,,,,Co-located,,,,,Saved as Draft,Optical,,CM,
STM64-FNSDR01_OSN35_1_S11P02-FNSDR01_OSN35_2_S07P02-COLOCATED,FNSDR01,FNSDR01,Lemua,Lemua,STM64,FNSDR01_OSN35_1,FNSDR01_OSN35_2,11,2,7,2,H,H,Ring MSP,0,0,0,0,Co-located,,,,,Saved as Draft,Optical,,CM,
STM64-DHKGN17_SCL_VIRTUAL_1_S01P01-NGRPG01_SCL_VIRTUAL_1_S01P01-SCL,DHKGN17,NGRPG01,Nawabganj BKB,Vulta,STM64,DHKGN17_SCL_VIRTUAL_1,NGRPG01_SCL_VIRTUAL_1,1,1,1,1,0,0,None,,,,,Lease,,,SCL,,Saved as Draft,Optical,,DH,
STM64-DHSVR12_FAH_VIRTUAL_1_S01P01-GPSDR34_SCL_VIRTUAL_1_S01P02-SCL,DHSVR12,GPSDR34,Nobinagar Backbone 75m,Pubail land 75m,STM64,DHSVR12_FAH_VIRTUAL_1,GPSDR34_SCL_VIRTUAL_1,1,1,1,2,Other,Other,None,,,,,Lease,,,SCL,,Saved as Draft,Optical,,%,
STM64-DHTEJ15_SCL_VIRTUAL_1_S01P01-NGRPG01_SCL_VIRTUAL_1_S01P02-SCL,DHTEJ15,NGRPG01,FEROZ,Vulta,STM64,DHTEJ15_SCL_VIRTUAL_1,NGRPG01_SCL_VIRTUAL_1,1,1,1,2,0,0,None,,,,,Lease,,,SCL,,Saved as Draft,Optical,,DH,
STM64-GPSDR34_SPO60_2_S02P01-GPSDR34_SPO60_4_S06P01-COLOCATED,GPSDR34,GPSDR34,Pubail land 75m,Pubail land 75m,STM64,GPSDR34_SPO60_2,GPSDR34_SPO60_4,2,1,6,1,E,E,None,,,,,Co-located,,,,,Sent to Tx BO,Optical,,DH,
STM64-DHKGN17_SCL_VIRTUAL_1_S01P02-GPSDR34_SCL_VIRTUAL_1_S01P03-SCL,DHKGN17,GPSDR34,Nawabganj BKB,Pubail land 75m,STM64,DHKGN17_SCL_VIRTUAL_1,GPSDR34_SCL_VIRTUAL_1,1,2,1,3,Other,Other,None,,,,,Lease,,,SCL,,Saved as Draft,Optical,,DH,
STM64-GPSDR34_OSN75_8_S04P02-CMSDR01_OSN75_2_S07P02-F@H_2nd Lambda,GPSDR34,CMSDR01,Pubail land 75m,Alekharchar,STM64,GPSDR34_OSN75_8,CMSDR01_OSN75_2,4,2,7,2,H,H,Ring MSP,0,0,0,0,Lease,,,F@H_2nd Lambda,,Sent to Tx BO,Optical,,DH,
"STM64-CGDMG01_OSN75_3_S06P01-CGPCH06_OSN35_2_S07P01-ROBI 1, 2",CGDMG01,CGPCH06,Faruk Chamber,Muradpur,STM64,CGDMG01_OSN75_3,CGPCH06_OSN35_2,6,1,7,1,H,H,Ring MSP,0,0,0,0,Robi,1,2,,,BO,Optical,,CG,
STM64-GPSDR34_SCL_VIRTUAL_1_S01P04-GPSDR34_SCL_VIRTUAL_1_S01P04-SCL,GPSDR34,GPSDR34,Pubail land 75m,Pubail land 75m,STM64,GPSDR34_SCL_VIRTUAL_1,GPSDR34_SCL_VIRTUAL_1,1,4,1,4,Other,Other,None,,,,,Lease,,,SCL,,Saved as Draft,Optical,,DH,
STM64-NGSNG01_SCL_VIRTUAL_1_S01P01-NGRPG01_SCL_VIRTUAL_1_S01P03-SCL,NGSNG01,NGRPG01,Kanchpur,Vulta,STM64,NGSNG01_SCL_VIRTUAL_1,NGRPG01_SCL_VIRTUAL_1,1,1,1,3,Other,Other,None,,,,,Lease,,,SCL,,Saved as Draft,Optical,,DH,
STM64-NGSDR99_SCL_VIRTUAL_1_S01P01-NGRPG01_SCL_VIRTUAL_1_S01P04-SCL,NGSDR99,NGRPG01,Lutfa,Vulta,STM64,NGSDR99_SCL_VIRTUAL_1,NGRPG01_SCL_VIRTUAL_1,1,1,1,4,Other,Other,None,,,,,Lease,,,SCL,,Saved as Draft,Optical,,DH,
"STM64-NOSNB07_OSN35_1_S11P01-LXRGN06_OSN35_1_S11P01-ROBI 15, 16",NOSNB07,LXRGN06,Khajuria,Hanubaish,STM64,NOSNB07_OSN35_1,LXRGN06_OSN35_1,11,1,11,1,H,H,Ring MSP,0,0,0,0,Robi,15,16,,"Sep,15",OnAir,Optical,,CM,
STM64-FNSDR01_OSN35_1_S11P1-NOBGM07_OSN75_2_S07P01-BPL,FNSDR01,NOBGM07,Lemua,Noakhali BSC,STM64,FNSDR01_OSN35_1,NOBGM07_OSN75_2,11,1,7,1,H,H,Ring MSP,,,,,Lease,,,BPL,,Saved as Draft,Optical,,CM,
"STM64-TI_OSN75_6_S02P01-DHGUL58_SCL_VIRTUAL_1_S01P02-ROBI 1, 1",GPSDR34,DHGUL58,Pubail land 75m,Uday Tower,STM64,TI_OSN75_6,DHGUL58_SCL_VIRTUAL_1,2,1,1,2,0,0,None,,,,,Robi,1,1,,,Saved as Draft,Optical,,%,
STM64-CGPCH06_OSN35_2_S11P01-CGPCH03_OSN35_2_S07P01-BPL Leased,CGPCH06,CGPCH03,Muradpur,Shulokbahar,STM64,CGPCH06_OSN35_2,CGPCH03_OSN35_2,11,1,7,1,H,H,Ring MSP,0,0,0,0,Lease,15,16,BPL Leased,"Feb,16",OnAir,Optical,,CG,"lutfunnahar.khanam on Sep 14, 2014, 5:47 pm : FO info: Muradpur to Shulokbahar 15,16. Shulokbahar to Muradpur 3,4.<br/>"
"STM64-CGPCH03_OSN35_2_S11P01-CGCDGT1_OSN75_2_S06P01-ROBI 3, 4",CGPCH03,CGCDGT1,Shulokbahar,Kalurghat BSC,STM64,CGPCH03_OSN35_2,CGCDGT1_OSN75_2,11,1,6,1,H,H,Ring MSP,0,0,0,0,Robi,3,4,,,Saved as Draft,Optical,,CG,"lutfunnahar.khanam on Sep 14, 2014, 5:37 pm : FO Core info: Shulokbahar to AMin house 16,17. Amin house to Kalurghat 3,4.<br/>"
"STM64-CGDMG01_OSN75_3_S11P01-CGDMG29_OSN75_4_S13P01-ROBI 25, 7",CGDMG01,CGDMG29,Faruk Chamber,Akhteruzzaman,STM64,CGDMG01_OSN75_3,CGDMG29_OSN75_4,11,1,13,1,H,H,Ring MSP,0,0,0,0,Robi,25,7,,,Operator Sent for Approval,Optical,,CG,"mahabuabi2g on Oct 13, 2015, 1:29 pm : CGDMG01_WDM88_2_S01P01-CGDMG29_WDM88_2_S03P01-LAMDA 40<br/>mahabuabi2g on Oct 4, 2015, 12"
"STM64-CGDMG29_OSN75_4_S12P01-CGKTLT1_OSN35_2_S08P02-ROBI 21, 3",CGDMG29,CGKTLT1,Akhteruzzaman,Azad Bhaban,STM64,CGDMG29_OSN75_4,CGKTLT1_OSN35_2,12,1,8,2,H,H,Ring MSP,0,0,0,0,Robi,21,3,,,Operator Sent for Approval,Optical,,CG,"mahabuabi2g on Oct 13, 2015, 1:40 pm : CGDMG29_WDM88_2_S01P01-CGKTLT1_WDM88_2_S01P01-LAMDA 44<br/>mahabuabi2g on Oct 4, 2015, 12"
"STM64-CGKTLT1_OSN35_2_S07P01-CGBAK08_OSN35_2_S11P01-ROBI 47, 48",CGKTLT1,CGBAK08,Azad Bhaban,South Bakolia,STM64,CGKTLT1_OSN35_2,CGBAK08_OSN35_2,7,1,11,1,H,H,Ring MSP,0,0,0,0,Robi,47,48,,"Sep,15",OnAir,Optical,,CG,
"STM64-CGBAK08_OSN35_2_S07P01-CGBAK08_OSN35_1_S11P01-ROBI 47, 48",CGBAK08,CGBAK08,South Bakolia,South Bakolia,STM64,CGBAK08_OSN35_2,CGBAK08_OSN35_1,7,1,11,1,H,H,Ring MSP,0,0,0,0,Robi,47,48,,"Mar,16",OnAir,Optical,,CG,
"STM64-CGCDG41_OSN75_2_S12P01-CGCDGT1_OSN75_2_S12P01-ROBI 1, 2",CGCDG41,CGCDGT1,Chittagong South Core,Kalurghat BSC,STM64,CGCDG41_OSN75_2,CGCDGT1_OSN75_2,12,1,12,1,H,H,Ring MSP,0,0,0,0,Robi,1,2,,,Operator Sent for Approval,Optical,,CG,"mahabuabi2g on Oct 13, 2015, 1:43 pm : CGCDG41_WDM88_2_S04P01-CGCDGT1_WDM88_1_S01P01-LAMDA 70<br/>mahabuabi2g on Oct 4, 2015, 2:"
STM64-CGCDG41_OSN35_1_S12P01-CGCDG41_OSN75_2_S11P02-COLOCATED,CGCDG41,CGCDG41,Chittagong South Core,Chittagong South Core,STM64,CGCDG41_OSN35_1,CGCDG41_OSN75_2,12,1,11,2,H,H,Linear MSP,7,1,7,2,Co-located,11,12,,,Plan,Optical,,CG,
"STM64-GPSDR34_OSN35_4_S07P02-NSPLS02_OSN35_1_S08P01-ROBI 31, 32",GPSDR34,NSPLS02,Pubail land 75m,Ghorashal Backbone 75m,STM64,GPSDR34_OSN35_4,NSPLS02_OSN35_1,7,2,8,1,H,H,Ring MSP,0,0,0,0,Robi,31,32,,"Sep,15",OnAir,Optical,,DH,
STM64-CMSDR01_OSN35_1_S08P02-CMSDR01_OSN75_2_S07P01-COLOCATED,CMSDR01,CMSDR01,Alekharchar,Alekharchar,STM64,CMSDR01_OSN35_1,CMSDR01_OSN75_2,8,2,7,1,H,H,Ring MSP,0,0,0,0,Co-located,,,,"Nov,15",OnAir,Optical,,CM,
LMSP_STM64-CGCDGT1_OSN35_1_S07P02-CGCDGT1_OSN75_2_S07P01-COLOCATED,CGCDGT1,CGCDGT1,Kalurghat BSC,Kalurghat BSC,STM64,CGCDGT1_OSN35_1,CGCDGT1_OSN75_2,12,2,11,1,H,H,,,,,,Co-located,,,,,Plan,Optical,,CG,
"STM64-CMSDR01_OSN75_4_S07P01-CMSDR01_OSN35_1_S12P01-ROBI 25, 26",CMSDR01,CMSDR01,Alekharchar,Alekharchar,STM64,CMSDR01_OSN75_4,CMSDR01_OSN35_1,7,1,12,1,H,H,Ring MSP,,,,,Robi,25,26,,,Sent to Tx BO,Optical,,CM,
STM64-CGCDG41_OSN75_3_S08P01-CGCDG41_OSN75_2_S18P02-COLOCATED,CGCDG41,CGCDG41,Chittagong South Core,Chittagong South Core,STM64,CGCDG41_OSN75_3,CGCDG41_OSN75_2,8,1,18,2,H,H,Ring MSP,0,0,0,0,Co-located,,,,"Jan,16",OnAir,Optical,,CG,
STM64-CGCDG41_OSN35_1_S07P02-CGCDG41_OSN75_2_S17P02-COLOCATED,CGCDG41,CGCDG41,Chittagong South Core,Chittagong South Core,STM64,CGCDG41_OSN35_1,CGCDG41_OSN75_2,7,2,17,2,H,H,Ring MSP,0,0,0,0,Co-located,,,,"Jan,16",OnAir,Optical,,%,
"STM64-CMSDR01_OSN75_3_S11P01-CMCDG01_OSN35_1_S11P01-ROBI 25, 26",CMSDR01,CMCDG01,Alekharchar,Falgunkara,STM64,CMSDR01_OSN75_3,CMCDG01_OSN35_1,11,1,11,1,H,H,Ring MSP,,,,,Robi,25,26,,,Saved as Draft,Optical,,CM,
"STM64-CMSDR01_OSN75_3_S05P01-CMSDR01_OSN75_4_S08P01-ROBI 10, 11",CMSDR01,CMSDR01,Alekharchar,Alekharchar,STM64,CMSDR01_OSN75_3,CMSDR01_OSN75_4,5,1,8,1,H,H,Ring MSP,,,,,Robi,10,11,,,Sent to Tx BO,Optical,,CM,
"LMSP_STM64-CMCDG01_OSN35_1_S12P01-FNSDR01_OSN35_1_S07P01-ROBI 25, 26",CMCDG01,FNSDR01,Falgunkara,Lemua,STM64,CMCDG01_OSN35_1,FNSDR01_OSN35_1,7,2,12,1,H,H,,,,,,Robi,,,,,Plan,Optical,,CM,
"STM64-CMSDR01_OSN75_2_S12P01-CMSDR01_OSN75_3_S07P01-ROBI 1, 2",CMSDR01,CMSDR01,Alekharchar,Alekharchar,STM64,CMSDR01_OSN75_2,CMSDR01_OSN75_3,12,1,7,1,H,H,Ring MSP,0,0,0,0,Robi,1,2,,,Sent to Tx BO,Optical,,CM,
"STM64-CMSDR01_OSN75_2_S11P01-CMSDR01_OSN75_4_S12P01-ROBI 1, 2",CMSDR01,CMSDR01,Alekharchar,Alekharchar,STM64,CMSDR01_OSN75_2,CMSDR01_OSN75_4,11,1,12,1,H,H,Ring MSP,0,0,0,0,Robi,1,2,,"Jan,16",OnAir,Optical,,CM,
"STM64-CMSDR01_OSN75_3_S08P01-CMSDR01_OSN75_4_S11P01-ROBI 1, 2",CMSDR01,CMSDR01,Alekharchar,Alekharchar,STM64,CMSDR01_OSN75_3,CMSDR01_OSN75_4,8,1,11,1,H,H,Ring MSP,0,0,0,0,Robi,1,2,,"Jan,16",OnAir,Optical,,CM,
"STM64-CGBAK08_OSN35_1_S08P01-CGCDG41_OSN75_2_S07P01-ROBI 47, 48",CGBAK08,CGCDG41,South Bakolia,Chittagong South Core,STM64,CGBAK08_OSN35_1,CGCDG41_OSN75_2,8,1,7,1,H,H,Ring MSP,0,0,0,0,Robi,47,48,,,Plan,Optical,,CG,
STM64-CGCDG41_OSN35_4_S11P01-CGCDG41_OSN75_3_S07P01-COLOCATED,CGCDG41,CGCDG41,Chittagong South Core,Chittagong South Core,STM64,CGCDG41_OSN35_4,CGCDG41_OSN75_3,11,1,7,1,0,0,Ring MSP,0,0,0,0,Co-located,,,,"Jan,16",OnAir,Optical,,CG,
"LMSP_STM64-CMSDR01_OSN35_1_S07P01-CMCDG01_OSN35_1_S07P01-ROBI 25, 26",CMSDR01,CMCDG01,Alekharchar,Falgunkara,STM64,CMSDR01_OSN35_1,CMCDG01_OSN35_1,11,2,12,2,H,H,,,,,,Robi,,,,,Plan,Optical,,CM,
"LMSP_STM64-CGSKD01_SPO60_1_S01P01-CGMIR01_SPO60_1_S03P01-ROBI 13, 14",CGSKD01,CGMIR01,Fauzdarhat,Wahidpur,STM64,CGSKD01_SPO60_1,CGMIR01_SPO60_1,7,1,5,1,E,E,,,,,,Robi,,,,,OnAir,Optical,,CG,
STM64-CGDMG29_OSN75_5_S08P01-CGDMG29_OSN75_4_S14P01-COLOCATED,CGDMG29,CGDMG29,Akhteruzzaman,Akhteruzzaman,STM64,CGDMG29_OSN75_5,CGDMG29_OSN75_4,8,1,14,1,H,H,Ring MSP,0,0,0,0,Co-located,1,2,,,Saved as Draft,Optical,,CG,
STM64-CGDMG29_OSN75_5_S12P01-CGDMG29_OSN75_4_S14P02-COLOCATED,CGDMG29,CGDMG29,Akhteruzzaman,Akhteruzzaman,STM64,CGDMG29_OSN75_5,CGDMG29_OSN75_4,12,1,14,2,H,H,None,,,,,Co-located,,,,,Saved as Draft,Optical,,CG,
"STM64-SYSDR01_OSN35_2_S08P01-SYBLG04_OSN35_1_S08P02-ROBI 11, 12",SYSDR01,SYBLG04,Jalalabad Gas Bhaban,Kurua BKB 75m,STM64,SYSDR01_OSN35_2,SYBLG04_OSN35_1,8,1,8,2,H,H,Linear MSP,11,1,11,2,Robi,11,12,,"Sep,15",OnAir,Optical,,SY,"rahikul.islam on Dec 23, 2014, 11:11 am : FO NEED TO BE CHECK<br/>"
"STM64-GPSDR34_OSN75_8_S06P01-NSBLB02_OSN35_1_S11P01-ROBI 1, 2",GPSDR34,NSBLB02,Pubail land 75m,Narayanpur Backbone 75m,STM64,GPSDR34_OSN75_8,NSBLB02_OSN35_1,6,1,11,1,H,H,Ring MSP,0,0,0,0,DWDM,1,2,,,Operator Sent for Approval,Optical,,DH,"mahabuabi2g on Oct 13, 2015, 1:00 pm : GPSDR34_WDM88_3_S11P01-NSBLB02_WDM88_2_S03P01-LAMDA 80<br/>mahabuabi2g on Oct 1, 2015, 4:"
"STM64-NSBLB02_OSN35_1_S08P02-BMSDR04_OSN35_1_S08P01-ROBI 7, 8",NSBLB02,BMSDR04,Narayanpur Backbone 75m,Bhudanti Backbone,STM64,NSBLB02_OSN35_1,BMSDR04_OSN35_1,8,2,8,1,H,H,Linear MSP,11,2,11,1,Robi,7,8,,,OnAir,Optical,,CM,
"STM64-NSBLB02_OSN35_1_S11P02-BMSDR04_OSN35_1_S11P01-ROBI 7, 8",NSBLB02,BMSDR04,Narayanpur Backbone 75m,Bhudanti Backbone,STM64,NSBLB02_OSN35_1,BMSDR04_OSN35_1,11,2,11,1,H,H,None,0,0,0,0,Robi,7,8,BPL,,OnAir,Optical,,CM,
"STM64-HGSDR02_OSN35_1_S08P01-BMSDR04_OSN35_1_S08P02-ROBI 7, 8",HGSDR02,BMSDR04,Saistaganj Backbone,Bhudanti Backbone,STM64,HGSDR02_OSN35_1,BMSDR04_OSN35_1,8,1,8,2,H,H,Linear MSP,11,1,11,2,Robi,7,8,,,BO,Optical,,SY,
STM64-HGSDR02_OSN35_1_S11P01-BMSDR04_OSN35_1_S11P02-BPL,HGSDR02,BMSDR04,Saistaganj Backbone,Bhudanti Backbone,STM64,HGSDR02_OSN35_1,BMSDR04_OSN35_1,11,1,11,2,H,H,None,0,0,0,0,Lease,,,BPL,"Sep,15",OnAir,Optical,,SY,
"STM64-HGSDR02_OSN35_1_S08P02-HGNBG03_OSN35_1_S08P01-ROBI 11, 12",HGSDR02,HGNBG03,Saistaganj Backbone,Debpara backbone 75m,STM64,HGSDR02_OSN35_1,HGNBG03_OSN35_1,8,2,8,1,H,H,Linear MSP,11,2,11,1,Robi,11,12,,"Sep,15",OnAir,Optical,,SY,
STM64-HGSDR02_OSN35_1_S11P02-HGNBG03_OSN35_1_S11P01-BPL,HGSDR02,HGNBG03,Saistaganj Backbone,Debpara backbone 75m,STM64,HGSDR02_OSN35_1,HGNBG03_OSN35_1,11,2,11,1,H,H,None,0,0,0,0,Lease,,,BPL,"Sep,15",OnAir,Optical,,SY,
"STM64-SYBLG04_OSN35_1_S08P01-HGNBG03_OSN35_1_S08P02-ROBI 7, 8",SYBLG04,HGNBG03,Kurua BKB 75m,Debpara backbone 75m,STM64,SYBLG04_OSN35_1,HGNBG03_OSN35_1,8,1,8,2,H,H,Linear MSP,11,1,11,2,Robi,7,8,BPL,"Oct,15",OnAir,Optical,,SY,
STM64-SYBLG04_OSN35_1_S11P01-HGNBG03_OSN35_1_S11P02-BPL,SYBLG04,HGNBG03,Kurua BKB 75m,Debpara backbone 75m,STM64,SYBLG04_OSN35_1,HGNBG03_OSN35_1,11,1,11,2,H,H,None,0,0,0,0,Lease,,,BPL,"Sep,15",OnAir,Optical,,SY,
"STM64-SYSDR01_OSN35_2_S11P01-SYBLG04_OSN35_1_S11P02-ROBI 11, 12",SYSDR01,SYBLG04,Jalalabad Gas Bhaban,Kurua BKB 75m,STM64,SYSDR01_OSN35_2,SYBLG04_OSN35_1,11,1,11,2,H,H,None,0,0,0,0,Robi,11,12,,"Sep,15",OnAir,Optical,,SY,
STM64-DHUTT04_OSN75_3_S11P02-DHUTT04_OSN35_4_S07P01-COLOCATED,DHUTT04,DHUTT04,Mascot,Mascot,STM64,DHUTT04_OSN75_3,DHUTT04_OSN35_4,11,2,7,1,H,H,Ring MSP,,,,,Co-located,,,,,Sent to Tx BO,Optical,,DH,
STM64-GPSDR34_OSN35_1_S11P02-GPSDR34_OSN75_8_S02P01-COLOCATED,GPSDR34,GPSDR34,Pubail land 75m,Pubail land 75m,STM64,GPSDR34_OSN35_1,GPSDR34_OSN75_8,11,2,2,1,H,H,Ring MSP,0,0,0,0,Co-located,,,,,BO,Optical,,DH,
"STM64-NGRPG01_OSN35_1_S11P02-GPSDR34_OSN75_8_S17P01-ROBI 1, 2",NGRPG01,GPSDR34,Vulta,Pubail land 75m,STM64,NGRPG01_OSN35_1,GPSDR34_OSN75_8,11,2,17,1,H,H,Ring MSP,0,0,0,0,DWDM,1,2,,,Operator Sent for Approval,Optical,,DH,"scintillaatbdi2g on Oct 1, 2015, 10:45 am : LAMDA 36 (NGRO01-GPSDR34)<br/>"
"STM64-GPSDR34_OSN35_1_S08P02-NSBLB02_OSN35_2_S08P01-ROBI 1, 2",GPSDR34,NSBLB02,Pubail land 75m,Narayanpur Backbone 75m,STM64,GPSDR34_OSN35_1,NSBLB02_OSN35_2,8,2,8,1,H,H,Ring MSP,0,0,0,0,DWDM,1,2,,,Operator Sent for Approval,Optical,,DH,"mahabuabi2g on Oct 13, 2015, 12:53 pm : GPSDR34_WDM88_3_S15P01-NSBLB02_WDM88_2_S05P01-LAMDA 36<br/>mahabuabi2g on Oct 1, 2015, 4"
STM64-DHUTT04_OSN35_1_S11P01-DHUTT04_OSN35_2_S12P02-COLOCATED,DHUTT04,DHUTT04,Mascot,Mascot,STM64,DHUTT04_OSN35_1,DHUTT04_OSN35_2,11,1,12,2,H,H,Ring MSP,,,,,Co-located,,,,,Sent to Tx BO,Optical,,DH,
STM64-DHUTT04_OSN35_1_S12P02-DHUTT04_OSN35_4_S12P01-COLOCATED,DHUTT04,DHUTT04,Mascot,Mascot,STM64,DHUTT04_OSN35_1,DHUTT04_OSN35_4,12,2,12,1,H,H,Ring MSP,,,,,Co-located,,,,,Sent to Tx BO,Optical,,DH,
STM64-DHUTT04_OSN35_2_S07P02-DHUTT04_OSN75_3_S08P02-COLOCATED,DHUTT04,DHUTT04,Mascot,Mascot,STM64,DHUTT04_OSN35_2,DHUTT04_OSN75_3,7,2,8,2,H,H,Ring MSP,,,,,Co-located,,,,,Sent to Tx BO,Optical,,DH,
"STM64-NGRPG01_OSN75_4_S12P01-DHUTT04_OSN75_3_S11P01-ROBI 1, 2",NGRPG01,DHUTT04,Vulta,Mascot,STM64,NGRPG01_OSN75_4,DHUTT04_OSN75_3,12,1,11,1,0,0,Ring MSP,,,,,DWDM,1,2,,,Sent to Tx BO,Optical,,DH,
"STM64-GPSDR34_OSN75_8_S13P01-DHUTT04_OSN75_3_S08P01-ROBI 1, 2",GPSDR34,DHUTT04,Pubail land 75m,Mascot,STM64,GPSDR34_OSN75_8,DHUTT04_OSN75_3,13,1,8,1,H,H,Ring MSP,0,0,0,0,DWDM,1,2,,,Operator Sent for Approval,Optical,,DH,"mahabuabi2g on Oct 13, 2015, 12:23 pm : DHUTT04_WDM88_0_S11P01-GPSDR34_WDM88_3_S13P01-LAMDA 58<br/>mahabuabi2g on Oct 1, 2015, 1"
"STM64-NGRPG01_OSN35_1_S08P02-NSBLB02_OSN35_2_S11P01-ROBI 1, 2",NGRPG01,NSBLB02,Vulta,Narayanpur Backbone 75m,STM64,NGRPG01_OSN35_1,NSBLB02_OSN35_2,8,2,11,1,H,H,Ring MSP,0,0,0,0,DWDM,1,2,,,Operator Sent for Approval,Optical,,DH,"mahabuabi2g on Oct 13, 2015, 1:04 pm : NSBLB02_WDM88_2_S01P02-NGRPG01_WDM68_3_S11P02-LAMDA 36<br/>mahabuabi2g on Oct 1, 2015, 5:"
"STM64-NGRPG01_OSN75_4_S07P01-NSBLB02_OSN35_1_S08P01-ROBI 1, 2",NGRPG01,NSBLB02,Vulta,Narayanpur Backbone 75m,STM64,NGRPG01_OSN75_4,NSBLB02_OSN35_1,7,1,8,1,H,H,Ring MSP,0,0,0,0,DWDM,1,2,,,Operator Sent for Approval,Optical,,DH,"mahabuabi2g on Oct 13, 2015, 1:07 pm : NSBLB02_WDM88_2_S01P01-NGRPG01_WDM88_1_S11P02-LAMDA 80<br/>mahabuabi2g on Oct 1, 2015, 5:"
"STM64-DHTEJ15_SPO60_1_S02P01-DHMJH23_SPO60_2_S01P01-ROBI 17, 18",DHTEJ15,DHMJH23,FEROZ,Eunoos Center,STM64,DHTEJ15_SPO60_1,DHMJH23_SPO60_2,2,1,1,1,E,E,Ring MSP,0,0,0,0,Robi,17,18,,,Saved as Draft,Optical,,DH,
"STM64-DHSTR42_SPO60_1_S01P01-DHMJH23_SPO60_2_S02P01-ROBI 1, 2",DHSTR42,DHMJH23,Salahuddin,Eunoos Center,STM64,DHSTR42_SPO60_1,DHMJH23_SPO60_2,1,1,2,1,E,E,Ring MSP,0,0,0,0,Robi,1,2,,,Saved as Draft,Optical,,DH,
"STM64-CGCDG41_OSN75_2_S18P01-CGDMG01_OSN75_3_S14P01-ROBI 1, 2",CGCDG41,CGDMG01,Chittagong South Core,Faruk Chamber,STM64,CGCDG41_OSN75_2,CGDMG01_OSN75_3,18,1,14,1,H,H,None,0,0,0,0,DWDM,1,2,,,Operator Sent for Approval,Optical,,CG,"mahabuabi2g on Oct 13, 2015, 1:36 pm : CGDMG01_WDM88_2_S13P01-CGCDG41_WDM88_3_S01P02-LAMDA 32<br/>mahabuabi2g on Oct 4, 2015, 1:"
"STM64-CGDMG01_OSN75_3_S13P01-CGDMG29_OSN75_5_S14P02-ROBI 11, 2",CGDMG01,CGDMG29,Faruk Chamber,Akhteruzzaman,STM64,CGDMG01_OSN75_3,CGDMG29_OSN75_5,13,1,14,2,0,0,None,0,0,0,0,DWDM,11,2,,,Saved as Draft,Optical,,CG,
"STM64-CGCDG41_OSN75_2_S17P01-CGCDG41_ICX_VIRTUAL_1_S17P01-ROBI 7, 1",CGCDG41,CGCDG41,Chittagong South Core,Chittagong South Core,STM64,CGCDG41_OSN75_2,CGCDG41_ICX_VIRTUAL_1,17,1,17,1,H,Other,None,0,0,,0,DWDM,7,1,,,Saved as Draft,Optical,,CG,
"STM64-NGRPG01_OSN75_5_S06P01-DHTEJ15_OSN35_4_S08P01-ROBI 1, 2",NGRPG01,DHTEJ15,Vulta,FEROZ,STM64,NGRPG01_OSN75_5,DHTEJ15_OSN35_4,6,1,8,1,H,H,Ring MSP,0,0,0,0,DWDM,1,2,,,Operator Sent for Approval,Optical,,DH,"mahabuabi2g on Oct 13, 2015, 1:10 pm : NGRPG01_WDM88_1_S15P01-DHTEJ15_WDM88_1_S15P01-LAMDA 54<br/>mahabuabi2g on Oct 3, 2015, 11"
"STM64-GPSDR34_OSN75_8_S03P01-NGRPG01_OSN75_5_S05P01-ROBI 1, 2",GPSDR34,NGRPG01,Pubail land 75m,Vulta,STM64,GPSDR34_OSN75_8,NGRPG01_OSN75_5,3,1,5,1,H,H,Ring MSP,0,0,0,0,DWDM,1,2,,,Operator Sent for Approval,Optical,,DH,"mahabuabi2g on Oct 13, 2015, 12:41 pm : GPSDR34_WDM88_3_S07P02-NGRPG01_WDM88_1_S01P03-LAMDA 54<br/>mahabuabi2g on Oct 1, 2015, 3"
"STM64-GPSDR34_OSN75_8_S04P01-DHUTT04_OSN75_3_S06P01-ROBI 1, 2",GPSDR34,DHUTT04,Pubail land 75m,Mascot,STM64,GPSDR34_OSN75_8,DHUTT04_OSN75_3,4,1,6,1,H,H,Ring MSP,0,0,0,0,DWDM,1,2,,,Operator Sent for Approval,Optical,,DH,"mahabuabi2g on Oct 13, 2015, 12:36 pm : DHUTT04_WDM88_0_S11P02-GPSDR34_WDM88_1_S01P04-LAMDA 54<br/>mahabuabi2g on Oct 1, 2015, 2"
"STM64-DHGUL58_OSN75_4_S30P02-DHUTT04_OSN75_3_S05P01-ROBI 1, 2",DHGUL58,DHUTT04,Uday Tower,Mascot,STM64,DHGUL58_OSN75_4,DHUTT04_OSN75_3,30,2,5,1,H,H,Ring MSP,0,0,0,0,DWDM,1,2,,,Operator Sent for Approval,Optical,,DH,"mahabuabi2g on Oct 13, 2015, 11:56 am : DHGUL58_WDM88_4_S01P02-DHUTT04_WDM88_0_S13P02-LAMDA 54<br/>mahabuabi2g on Sep 30, 2015, "
"STM64-DHGUL58_OSN75_4_S31P02-DHTEJ15_OSN35_4_S11P01-ROBI 1, 2",DHGUL58,DHTEJ15,Uday Tower,FEROZ,STM64,DHGUL58_OSN75_4,DHTEJ15_OSN35_4,31,2,11,1,H,H,Ring MSP,0,0,0,0,DWDM,1,2,,,Operator Sent for Approval,Optical,,DH,"mahabuabi2g on Oct 13, 2015, 12:02 pm : DHGUL58_WDM88_2_S11P02-DHTEJ15_WDM88_1_S13P01-LAMDA 54<br/>mahabuabi2g on Sep 30, 2015, "
STM64-NGRPG01_OSN35_2_S08P02-NGRPG01_OSN75_4_S15P01-COLOCATED,NGRPG01,NGRPG01,Vulta,Vulta,STM64,NGRPG01_OSN35_2,NGRPG01_OSN75_4,8,2,15,1,H,H,Ring MSP,,,,,Co-located,,,,,Sent to Tx BO,Optical,,DH,
STM64-NGRPG01_OSN35_1_S12P02-NGRPG01_OSN75_5_S05P02-COLOCATED,NGRPG01,NGRPG01,Vulta,Vulta,STM64,NGRPG01_OSN35_1,NGRPG01_OSN75_5,12,2,5,2,H,H,Ring MSP,,,,,Co-located,,,,,Sent to Tx BO,Optical,,DH,
STM64-NGRPG01_OSN75_4_S04P01-NGRPG01_OSN75_5_S06P02-COLOCATED,NGRPG01,NGRPG01,Vulta,Vulta,STM64,NGRPG01_OSN75_4,NGRPG01_OSN75_5,4,1,6,2,H,H,Ring MSP,,,,,Co-located,,,,,Sent to Tx BO,Optical,,DH,
"STM64-DHMJH23_OSN35_2_S11P01-NGSNG01_OSN35_1_S08P01-ROBI 13, 14",DHMJH23,NGSNG01,Eunoos Center,Kanchpur,STM64,DHMJH23_OSN35_2,NGSNG01_OSN35_1,11,1,8,1,H,H,Ring MSP,0,0,0,0,Robi,13,14,,,OnAir,Optical,,DH,
"STM64-NGSNG01_SPO60_2_S02P01-NGRPG01_SPO60_3_S04P01-ROBI 13, 14",NGSNG01,NGRPG01,Kanchpur,Vulta,STM64,NGSNG01_SPO60_2,NGRPG01_SPO60_3,2,1,4,1,E,E,Ring MSP,0,0,0,0,Robi,13,14,,,Saved as Draft,Optical,,DH,
"STM64-NSPLS02_OSN35_1_S11P01-NGRPG01_OSN35_1_S12P01-ROBI 31, 32",NSPLS02,NGRPG01,Ghorashal Backbone 75m,Vulta,STM64,NSPLS02_OSN35_1,NGRPG01_OSN35_1,11,1,12,1,H,H,Ring MSP,,,,,Robi,31,32,,,Sent to Tx BO,Optical,,DH,
"STM64-CGCDGT1_OSN75_2_S11P02-CGCDG41_OSN75_2_S04P01-ROBI 1, 2",CGCDGT1,CGCDG41,Kalurghat BSC,Chittagong South Core,STM64,CGCDGT1_OSN75_2,CGCDG41_OSN75_2,11,2,4,1,H,H,Ring MSP,0,0,0,0,DWDM,1,2,,,Operator Sent for Approval,Optical,,CG,"mahabuabi2g on Oct 13, 2015, 1:45 pm : CGCDG41_WDM88_2_S04P02-CGCDGT1_WDM88_1_S01P02-LAMDA 72<br/>mahabuabi2g on Oct 4, 2015, 2:"
"STM64-CGDMG01_OSN35_2_S07P01-CGCDGT1_OSN75_2_S12P02-ROBI 41, 42",CGDMG01,CGCDGT1,Faruk Chamber,Kalurghat BSC,STM64,CGDMG01_OSN35_2,CGCDGT1_OSN75_2,7,1,12,2,H,H,Ring MSP,0,0,0,0,DWDM,41,42,,,Saved as Draft,Optical,,CG,
"STM64-CGCDGT1_OSN35_1_S07P01-CGCDG41_OSN35_1_S11P01-ROBI 1, 2",CGCDGT1,CGCDG41,Kalurghat BSC,Chittagong South Core,STM64,CGCDGT1_OSN35_1,CGCDG41_OSN35_1,7,1,11,1,H,H,Ring MSP,0,0,0,0,DWDM,1,2,,,Sent to Tx BO,Optical,,CG,
STM64-FNSDR01_OSN35_2_S12P01-CGDMG29_OSN75_5_S07P01-FHL,FNSDR01,CGDMG29,Lemua,Akhteruzzaman,STM64,FNSDR01_OSN35_2,CGDMG29_OSN75_5,12,1,7,1,H,H,Ring MSP,,,,,SDH,,,FHL,,Saved as Draft,Optical,,CG,
STM64-GPSDR34_OSN75_8_S03P02-GPSDR34_OSN75_6_S12P02-COLOCATED,GPSDR34,GPSDR34,Pubail land 75m,Pubail land 75m,STM64,GPSDR34_OSN75_8,GPSDR34_OSN75_6,3,2,12,2,H,H,Ring MSP,,,,,Co-located,,,,,Sent to Tx BO,Optical,,DH,
"STM64-GPSDR34_OSN75_6_S07P01-NGRPG01_OSN35_3_S12P01-ROBI 1, 2",GPSDR34,NGRPG01,Pubail land 75m,Vulta,STM64,GPSDR34_OSN75_6,NGRPG01_OSN35_3,7,1,12,1,H,H,Ring MSP,,,,,DWDM,1,2,,,Sent to Tx BO,Optical,,DH,
STM64-GPSDR34_OSN35_7_S07P01-GPSDR34_OSN75_6_S08P01-COLOCATED,GPSDR34,GPSDR34,Pubail land 75m,Pubail land 75m,STM64,GPSDR34_OSN35_7,GPSDR34_OSN75_6,7,1,8,1,H,H,None,0,0,0,0,Co-located,,,,,Sent to Tx BO,Optical,,DH,
STM64-CGHTZ18_OSN35_1_S11P01-CGHTZ18_OSN35_2_S11P01-COLOCATED,CGHTZ18,CGHTZ18,Dhaloy 55m land,Dhaloy 55m land,STM64,CGHTZ18_OSN35_1,CGHTZ18_OSN35_2,11,1,11,1,H,0,Ring MSP,0,0,0,0,Co-located,1,2,,,Saved as Draft,Optical,,CG,
"STM64-CGCDGT1_OSN75_2_S03P01-CGCDG41_OSN75_2_S12P02-ROBI 1, 2",CGCDGT1,CGCDG41,Kalurghat BSC,Chittagong South Core,STM64,CGCDGT1_OSN75_2,CGCDG41_OSN75_2,3,1,12,2,H,H,Ring MSP,,,,,Robi,1,2,,,Saved as Draft,Optical,,CG,
"STM64-CGCDG41_OSN75_2_S11P01-CGBAK08_OSN35_2_S12P01-ROBI 2, 4",CGCDG41,CGBAK08,Chittagong South Core,South Bakolia,STM64,CGCDG41_OSN75_2,CGBAK08_OSN35_2,11,1,12,1,H,H,Ring MSP,,,,,Robi,2,4,,,Saved as Draft,Optical,,CG,
STM64-CGBAK08_OSN35_2_S08P01-CGHTZ11_OSN35_1_S08P01-FHL,CGBAK08,CGHTZ11,South Bakolia,Egaro mile,STM64,CGBAK08_OSN35_2,CGHTZ11_OSN35_1,8,1,8,1,H,H,Ring MSP,,,,,Lease,,,FHL,,Saved as Draft,Optical,,CG,
STM64-GPSDR34_OSN35_4_S12P02-GPSDR34_OSN75_8_S06P02-COLOCATED,GPSDR34,GPSDR34,Pubail land 75m,Pubail land 75m,STM64,GPSDR34_OSN35_4,GPSDR34_OSN75_8,12,2,6,2,H,H,Ring MSP,0,0,0,0,Co-located,10,11,,,Saved as Draft,Optical,,DH,
STM64-GPSDR34_OSN75_8_S13P02-GPSDR34_OSN75_6_S08P02-COLOCATED,GPSDR34,GPSDR34,Pubail land 75m,Pubail land 75m,STM64,GPSDR34_OSN75_8,GPSDR34_OSN75_6,13,2,8,2,H,H,Ring MSP,0,0,0,0,Co-located,10,11,,,Sent to Tx BO,Optical,,DH,
LMSP_STM64-CGCDG41_OSN35_1_S12P01-CGCDG41_OSN75_2_S11P02-COLOCATED,CGCDG41,CGCDG41,Chittagong South Core,Chittagong South Core,STM64,CGCDG41_OSN35_1,CGCDG41_OSN75_2,7,1,7,2,H,H,,,,,,Co-located,,,,,Plan,Optical,,CG,
"STM64-CGCDG41_ICX_VIRTUAL_1_S17P02-CTG_ICX_VITRUAL_1_S17P01-ROBI 7, 1",CGCDG41,CTGICX01,Chittagong South Core,Press Club_M&H,STM64,CGCDG41_ICX_VIRTUAL_1,CTG_ICX_VITRUAL_1,17,2,17,1,Other,Other,None,0,0,0,0,Robi,7,1,,,Saved as Draft,Optical,,CG,
"STM64-CGDMG29_OSN75_5_S13P02-CGDMG29_ICX_VIRTUAL_1_S13P02-ROBI 1, 2",CGDMG29,CGDMG29,Akhteruzzaman,Akhteruzzaman,STM64,CGDMG29_OSN75_5,CGDMG29_ICX_VIRTUAL_1,13,2,13,2,0,Other,None,0,0,0,0,DWDM,1,2,,,Saved as Draft,Optical,,%,
"STM64-CGDMG29_ICX_VIRTUAL_1_S13P01-CTG_ICX_VITRUAL_1_S13P01-ROBI 1, 2",CGDMG29,CTGICX01,Akhteruzzaman,Press Club_M&H,STM64,CGDMG29_ICX_VIRTUAL_1,CTG_ICX_VITRUAL_1,13,1,13,1,Other,Other,None,0,0,0,0,DWDM,1,2,,,Saved as Draft,Optical,,%,
STM64-CGHTZ18_OSN35_2_S08P1-CGCDGT1_OSN75_2_S4P01-FHL,CGHTZ18,CGHTZ18,Dhaloy 55m land,Kalurghat BSC,STM64,CGHTZ18_OSN35_2,CGCDGT1_OSN75_2,8,1,4,1,0,H,Ring MSP,,,,,Lease,,,FHL,,Sent to Tx BO,Optical,,CG,
"STM64-DHGUL58_SPO60_2_S03P01-NGSNG01_SPO60_1_S04P01-ROBI 47, 48",DHGUL58,NGSNG01,Uday Tower,Kanchpur,STM64,DHGUL58_SPO60_2,NGSNG01_SPO60_1,3,1,4,1,E,E,None,0,0,0,0,Robi,47,48,,,Saved as Draft,Optical,,DH,
STM64-HGSDR02_OSN35_1_S11P02-HGNBG03_OSN35_1_S11P01-BPL,HGSDR02,HGNBG03,Saistaganj Backbone,Debpara backbone 75m,STM64,HGSDR02_OSN35_1,HGNBG03_OSN35_1,11,2,11,1,H,H,None,0,0,0,0,Lease,,,BPL,"Sep,15",OnAir,Optical,,SY,
STM64-NSBLB02_OSN35_1_S11P02-BMSDR04_OSN35_1_S11P01-BPL,NSBLB02,BMSDR04,Narayanpur Backbone 75m,Bhudanti Backbone,STM64,NSBLB02_OSN35_1,BMSDR04_OSN35_1,11,2,11,1,H,H,None,0,0,0,0,Lease,,,BPL,,OnAir,Optical,,CM,
STM64-NSBLB02_OSN35_1_S11P02-BMSDR04_OSN35_1_S11P01-BPL,NSBLB02,BMSDR04,Narayanpur Backbone 75m,Bhudanti Backbone,STM64,NSBLB02_OSN35_1,BMSDR04_OSN35_1,11,2,11,1,H,H,None,0,0,0,0,Lease,,,BPL,,OnAir,Optical,,CM,
"STM64-SYSDR01_OSN35_2_S11P01-SYBLG04_OSN35_1_S11P02-ROBI 11, 12",SYSDR01,SYBLG04,Jalalabad Gas Bhaban,Kurua BKB 75m,STM64,SYSDR01_OSN35_2,SYBLG04_OSN35_1,11,1,11,2,H,H,None,0,0,0,0,Robi,11,12,,,OnAir,Optical,,SY,
STM64-SYBLG04_OSN35_1_S11P01-HGNBG03_OSN35_1_S11P02-BPL,SYBLG04,HGNBG03,Kurua BKB 75m,Debpara backbone 75m,STM64,SYBLG04_OSN35_1,HGNBG03_OSN35_1,11,1,11,2,H,H,None,0,0,0,0,Lease,,,BPL,,OnAir,Optical,,SY,
STM64-HGSDR02_OSN35_1_S11P02-HGNBG03_OSN35_1_S11P01-BPL,HGSDR02,HGNBG03,Saistaganj Backbone,Debpara backbone 75m,STM64,HGSDR02_OSN35_1,HGNBG03_OSN35_1,11,2,11,1,H,H,None,0,0,0,0,Lease,,,BPL,,OnAir,Optical,,SY,
STM64-NSBLB02_OSN35_1_S11P02-BMSDR04_OSN35_1_S11P01-BPL,NSBLB02,BMSDR04,Narayanpur Backbone 75m,Bhudanti Backbone,STM64,NSBLB02_OSN35_1,BMSDR04_OSN35_1,11,2,11,1,H,H,None,0,0,0,0,Lease,,,BPL,"Sep,15",OnAir,Optical,,CM,
"LMSP_STM64-CMDKN01_OSN35_1_S08P02-CMSDR01_OSN35_1_S06P01-ROBI 33, 34",CMDKN01,CMSDR01,Gauripur,Alekharchar,STM64,CMDKN01_OSN35_1,CMSDR01_OSN35_1,11,2,11,1,H,H,,,,,,Robi,,,,"Sep,15",OnAir,Optical,,CM,
LMSP_STM64-CGKTLT1_OSN35_1_S07P02-CGKTLT1_OSN35_2_S07P02-COLOCATED,CGKTLT1,CGKTLT1,Azad Bhaban,Azad Bhaban,STM64,CGKTLT1_OSN35_1,CGKTLT1_OSN35_2,11,2,12,1,H,H,,,,,,Co-located,,,,,Plan,Optical,,CG,
STM64-NOBGM07_OSN75_2_S08P1-NOBGM07_OSN35_1_S11P01-COLOCATED,FNSDR01,NOBGM07,Noakhali BSC,Noakhali BSC,STM64,NOBGM07_OSN75_2,NOBGM07_OSN35_1,8,1,11,1,H,H,Ring MSP,,,,,Co-located,,,,,Saved as Draft,Optical,,CM,
STM64-NOBGM07_OSN75_2_S08P02-LXRGN06_OSN35_1_S07P01-BPL_C11/12,NOBGM07,LXRGN06,Noakhali BSC,Hanubaish,STM64,NOBGM07_OSN75_2,LXRGN06_OSN35_1,8,2,7,1,H,H,Ring MSP,0,0,,0,Lease,,,BPL_C11/12,,Plan,Optical,,CM,
LMSP_STM64-SYBLG04_OSN35_1_S08P01-HGNBG03_OSN35_1_S08P02-BPL,SYBLG04,HGNBG03,Kurua BKB 75m,Debpara backbone 75m,STM64,SYBLG04_OSN35_1,HGNBG03_OSN35_1,11,1,11,2,H,H,,,,,,Lease,,,BPL,,OnAir,Optical,,SY,
STM64-NSBLB02_OSN35_1_S11P02-BMSDR04_OSN35_1_S11P01-BPL,NSBLB02,BMSDR04,Narayanpur Backbone 75m,Bhudanti Backbone,STM64,NSBLB02_OSN35_1,BMSDR04_OSN35_1,11,2,11,1,H,H,None,0,0,0,0,Lease,,,BPL,"Sep,15",OnAir,Optical,,CM,
"STM64-DHGUL58_SPO60_2_S03P01-NGSNG01_SPO60_1_S04P01-ROBI 47, 48",DHGUL58,NGSNG01,Uday Tower,Kanchpur,STM64,DHGUL58_SPO60_2,NGSNG01_SPO60_1,3,1,4,1,E,E,None,0,0,0,0,Robi,47,48,BPL,,Saved as Draft,Optical,,DH,
"LMSP_STM64-FNSDR01_SPO60_1_S03P01-CGMIR01_SPO60_1_S01P01-ROBI 9, 10",FNSDR01,CGMIR01,Lemua,Wahidpur,STM64,FNSDR01_SPO60_1,CGMIR01_SPO60_1,5,1,7,1,E,E,,,,,,Robi,,,,,OnAir,Optical,,CG,
"LMSP_STM64-CMDKN01_SPO60_1_S03P01-CMSDR01_SPO60_1_S01P01-ROBI 11, 12",CMDKN01,CMSDR01,Gauripur,Alekharchar,STM64,CMDKN01_SPO60_1,CMSDR01_SPO60_1,5,1,7,1,E,E,,,,,,Robi,,,,,OnAir,Optical,,DH,
"LMSP_STM64-CMSDR01_SPO60_1_S03P01-CMCDG01_SPO60_1_S01P01-ROBI 9, 10",CMSDR01,CMCDG01,Alekharchar,Falgunkara,STM64,CMSDR01_SPO60_1,CMCDG01_SPO60_1,5,1,7,1,E,E,,,,,,Robi,,,,"Sep,15",OnAir,Optical,,CG,
"STM64-CGCDGT1_SPO60_1_S02P01-CGKTL36_SPO60_1_S01P01-ROBI 17, 18",Klrght_bsc,CGKTL36,Kalurghat BSC,VIP,STM64,CGCDGT1_SPO60_1,CGKTL36_SPO60_1,2,1,1,1,H,H,Ring MSP,,,,,Robi,17,18,,,Sent to Tx BO,Optical,,CG,
"LMSP_STM64-SYBLG04_OSN35_1_S08P01-HGNBG03_OSN35_1_S08P02-ROBI 7, 8",SYBLG04,HGNBG03,Kurua BKB 75m,Debpara backbone 75m,STM64,SYBLG04_OSN35_1,HGNBG03_OSN35_1,11,1,11,2,H,H,,,,,,Robi,,,BPL,"Oct,15",OnAir,Optical,,SY,
