Physical Fiber Link,HH No,Longitude,Latitude,Comment
DHGUL58-DHGUL48-1-F_Core 1-24-Ribbon,1,90.41583,23.78184,Under the Uday Tower 
DHGUL58-DHGUL48-1-F_Core 1-24-Ribbon,2,90.41582,23.78122,Back side of Nafi Tower
DHGUL58-DHGUL48-1-F_Core 1-24-Ribbon,3,90.41658,23.78161,In Front of Nafi Tower
DHGUL58-DHGUL48-1-F_Core 1-24-Ribbon,4,90.41685,23.78101,In front of Commercial celyin Bank
DHGUL58-DHGUL48-1-F_Core 1-24-Ribbon,5,90.41661,23.78052,"HH No 05 in  Middle of the Road & Conmon place Kaderia to Twin,Kaderia to Uday (Tube) FO Route.in front of Navan tower"
DHGUL58-Kazix-1-F_Core 19-24-Tube,1,90.41583,23.78184,under the uday tower and under carpating_Common HH
DHGUL58-Kazix-1-F_Core 19-24-Tube,2,90.41605,23.78485,
DHGUL58-Kazix-1-F_Core 19-24-Tube,3,90.41604,23.78757,
DHGUL58-Kazix-1-F_Core 19-24-Tube,4,90.41476,23.7875,
DHGUL58-Kazix-1-F_Core 19-24-Tube,5,90.41387,23.78959,
DHGUL58-Kazix-1-F_Core 19-24-Tube,6,90.41324,23.79158,
DHGUL58-Kazix-1-F_Core 19-24-Tube,7,90.41309,23.79345,
DHGUL58-Kazix-1-F_Core 19-24-Tube,8,90.41299,23.79404,
DHGUL58-Kazix-1-F_Core 19-24-Tube,9,90.4128,23.79454,
DHGUL58-Kazix-1-F_Core 19-24-Tube,10,90.41389,23.7958,
DHGUL58-Kazix-1-F_Core 19-24-Tube,11,90.41376,23.79611,
DHGUL58-Kazix-1-F_Core 19-24-Tube,12,90.41401,23.7962,HH12_SP 01
DHGUL58-Kazix-1-F_Core 19-24-Tube,13,90.41391,23.79758,HH13_SP-02
DHGUL58-Kazix-1-F_Core 19-24-Tube,14,90.41385,23.79923,HH14_SP-03
DHGUL58-Kazix-1-F_Core 19-24-Tube,15,90.41295,23.80232,
DHGUL58-Kazix-1-F_Core 19-24-Tube,16,90.41386,23.80227,
DHGUL58-Kazix-1-F_Core 19-24-Tube,17,90.41395,23.80535,
DHGUL58-Kazix-1-F_Core 19-24-Tube,18,90.41547,23.80541,
DHGUL58-Kazix-1-F_Core 19-24-Tube,19,90.41734,23.80734,
DHGUL58-Kazix-1-F_Core 19-24-Tube,20,90.41884,23.80805,
DHGUL58-Kazix-1-F_Core 19-24-Tube,21,90.42029,23.80932,HH21_SP-04
DHGUL58-Kazix-1-F_Core 19-24-Tube,22,90.41939,23.81126,
DHGUL58-Kazix-1-F_Core 19-24-Tube,23,90.41938,23.81313,
DHGUL58-Kazix-1-F_Core 19-24-Tube,24,90.41891,23.81238,
DHGUL58-Kazix-1-F_Core 19-24-Tube,25,90.4171,23.81407,
DHGUL58-Kazix-1-F_Core 19-24-Tube,26,90.41655,23.81461,
DHGUL58-Kazix-1-F_Core 19-24-Tube,27,90.41644,23.81573,HH27-SP-05_T Joint.
DHGUL58-Kazix-1-F_Core 19-24-Tube,28,90.41737,23.81579,
DHGUL58-Kazix-1-F_Core 19-24-Tube,29,90.41751,23.81529,
DHGUL58-Kazix-1-F_Core 19-24-Tube,30,90.41998,23.81605,
DHGUL58-Kazix-1-F_Core 19-24-Tube,31,90.42117,23.8162,
DHGUL58-Kazix-1-F_Core 19-24-Tube,32,90.42134,23.81587,Under the Kazi Tower
Kazix-DHUTT04-1-F_Core 19-24-Tube,1,90.42134,23.81587,HH01 & HH32 are same and Common HH with Kazi to Uday FO Route
Kazix-DHUTT04-1-F_Core 19-24-Tube,2,90.42117,23.8162,HH02 & HH31 are same and Common HH with Kazi to Uday FO Route
Kazix-DHUTT04-1-F_Core 19-24-Tube,3,90.41998,23.81605,HH03 & HH30 are same and Common HH with Kazi to Uday FO Route
Kazix-DHUTT04-1-F_Core 19-24-Tube,4,90.41751,23.81529,HH04 & HH29 are same and Common HH with Kazi to Uday FO Route
Kazix-DHUTT04-1-F_Core 19-24-Tube,5,90.41737,23.81579,HH05 & HH28 are same and Common HH with Kazi to Uday FO Route
Kazix-DHUTT04-1-F_Core 19-24-Tube,6,90.41644,23.81573,T- Joint_HH04 & HH27 are same and Common HH with Kazi to Uday FO Route
Kazix-DHUTT04-1-F_Core 19-24-Tube,7,90.41665,23.81686,
Kazix-DHUTT04-1-F_Core 19-24-Tube,8,90.41666,23.81775,
Kazix-DHUTT04-1-F_Core 19-24-Tube,9,90.41738,23.81768,
Kazix-DHUTT04-1-F_Core 19-24-Tube,10,90.41922,23.81849,
Kazix-DHUTT04-1-F_Core 19-24-Tube,11,90.42061,23.81883,HH11 _SP06(Uday to Mascot FO Route
Kazix-DHUTT04-1-F_Core 19-24-Tube,12,90.41949,23.82101,HH12 _SP07 (Uday to Mascot as same Joint)
Kazix-DHUTT04-1-F_Core 19-24-Tube,13,90.41905,23.82146,
Kazix-DHUTT04-1-F_Core 19-24-Tube,14,90.4204,23.82358,
Kazix-DHUTT04-1-F_Core 19-24-Tube,15,90.42073,23.82516,HH15 _SP08 (Uday to Mascot FO Route as a same Joint)
Kazix-DHUTT04-1-F_Core 19-24-Tube,16,90.42026,23.8283,HH16 _SP09 (Uday to Mascot FO Route as a same Joint)
Kazix-DHUTT04-1-F_Core 19-24-Tube,17,90.41994,23.83058,HH17 _SP10 (Uday to Mascot FO Route as a same Joint)
Kazix-DHUTT04-1-F_Core 19-24-Tube,18,90.41972,23.83153,HH18 _SP11 (Uday to Mascot FO Route as a same Joint)
Kazix-DHUTT04-1-F_Core 19-24-Tube,19,90.41911,23.83521,
Kazix-DHUTT04-1-F_Core 19-24-Tube,20,90.41858,23.83755,
Kazix-DHUTT04-1-F_Core 19-24-Tube,21,90.41804,23.83895,
Kazix-DHUTT04-1-F_Core 19-24-Tube,22,90.41685,23.84093,
Kazix-DHUTT04-1-F_Core 19-24-Tube,23,90.41514,23.84296,
Kazix-DHUTT04-1-F_Core 19-24-Tube,24,90.41066,23.84843,
Kazix-DHUTT04-1-F_Core 19-24-Tube,25,90.41054,23.84833,
Kazix-DHUTT04-1-F_Core 19-24-Tube,26,90.4092,23.85092,
Kazix-DHUTT04-1-F_Core 19-24-Tube,27,90.40703,23.85284,
Kazix-DHUTT04-1-F_Core 19-24-Tube,28,90.40503,23.85508,
Kazix-DHUTT04-1-F_Core 19-24-Tube,29,90.4034,23.85701,
Kazix-DHUTT04-1-F_Core 19-24-Tube,30,90.40023,23.86399,
Kazix-DHUTT04-1-F_Core 19-24-Tube,31,90.40123,23.86389,
Kazix-DHUTT04-1-F_Core 19-24-Tube,32,90.40323,23.86299,
Kazix-DHUTT04-1-F_Core 19-24-Tube,33,90.40025,23.86533,
Kazix-DHUTT04-1-F_Core 19-24-Tube,34,90.40075,23.86786,
Kazix-DHUTT04-1-F_Core 19-24-Tube,35,90.40029,23.87148,HH35 _SP14 (Uday to Mascot FO Route as a same Joint)
Kazix-DHUTT04-1-F_Core 19-24-Tube,36,90.39985,23.87396,Under the Mascot Plaza
DHGUL58-DHGUL48-3-F_Core 1-48-Ribbon,1,90.24.961,23.46.899,Existing HH01 Common Btw Uday to KD (Tube)_Uday to Twin_Uday to Mascot & Under the Carpeting
DHGUL58-DHGUL48-3-F_Core 1-48-Ribbon,2,90.24.969,23.46.875,Existing HH02 Common Btw Uday to KD (Tube)_Uday to Twin_Uday to Mascot & Under the Soil. 
DHGUL58-DHGUL48-3-F_Core 1-48-Ribbon,3,90.24.994,23.46.879,
DHGUL58-DHGUL48-3-F_Core 1-48-Ribbon,4,90.24.984,23.46.838,
DHGUL58-DHGUL48-3-F_Core 1-48-Ribbon,5,90.24.977,23.46.827,"HH No 05 in front of Navana &  Middle of the Road & Conmon HH Kaderia to Twin,Kaderia to Uday (Tube) FO Route"
DHGUL58-DHGUL48-3-F_Core 1-48-Ribbon,6,90.24.979,23.46.827,"HH No 06 SP-01  & Conmon place Kaderia to Twin,Kaderia to Uday (Tube) FO Route"
DHGUL58-DHGUL48-3-F_Core 1-48-Ribbon,7,90.24.929,23.46.814,
DHGUL58-DHGUL48-3-F_Core 1-48-Ribbon,8,90.24.860,23.46.813,
DHGUL58-DHGUL48-3-F_Core 1-48-Ribbon,9,90.24.777,23.46.815,
DHGUL58-DHGUL48-3-F_Core 1-48-Ribbon,10,90.24.728,23.46.815,"HH No 07  Conmon place Kaderia to Rupain, FO Route"
DHGUL58-DHGUL48-3-F_Core 1-48-Ribbon,11,90.24.710,23.46.815,"HH No 08  Conmon place Kaderia to Rupain, FO Route"
DHGUL58-DHGUL48-3-F_Core 1-48-Ribbon,12,90.24.623,23.46.823,"HH No 12 SP-02 Conmon place Kaderia to Rupain_ Kaderia to Khaja , FO Route"
DHTEJ15-DHADB06-1-F_Core 1-18-Ribbon,1,90.21.775,23.46.618,
DHTEJ15-DHADB06-1-F_Core 1-18-Ribbon,2,90.21.838,23.46.568,
DHTEJ15-DHADB06-1-F_Core 1-18-Ribbon,3,90.21.905,23.46.527,
DHTEJ15-DHADB06-1-F_Core 1-18-Ribbon,4,90.22.026,23.46.412,
DHTEJ15-DHADB06-1-F_Core 1-18-Ribbon,5,90.22.092,23.46.272,
DHTEJ15-DHADB06-1-F_Core 1-18-Ribbon,6,90.22.143,23.46.132,
DHTEJ15-DHADB06-1-F_Core 1-18-Ribbon,7,90.22.195,23.46.007,
DHTEJ15-DHADB06-1-F_Core 1-18-Ribbon,8,90.22.256,23.45.851,
DHTEJ15-DHADB06-1-F_Core 1-18-Ribbon,9,90.22.328,23.45.718,
DHTEJ15-DHADB06-1-F_Core 1-18-Ribbon,10,90.22.398,23.45.597,
DHTEJ15-DHADB06-1-F_Core 1-18-Ribbon,11,90.22.442,23.45.515,
DHTEJ15-DHADB06-1-F_Core 1-18-Ribbon,12,90.22.472,23.45.473,SP-02/HH12 in Asad gate More( Joint with SBN)
DHTEJ15-DHADB06-1-F_Core 1-18-Ribbon,13,90.22.542,23.45.354,
DHTEJ15-DHADB06-1-F_Core 1-18-Ribbon,14,90.22.617,23.45.261,
DHTEJ15-DHADB06-1-F_Core 1-18-Ribbon,15,90.22.691,23.45.090,
DHTEJ15-DHADB06-1-F_Core 1-18-Ribbon,16,90.22.705,23.45.070,
DHTEJ15-DHADB06-1-F_Core 1-18-Ribbon,17,90.22.848,23.45.149,
DHTEJ15-DHADB06-1-F_Core 1-18-Ribbon,18,90.22.997,23.45.166,
DHTEJ15-DHADB06-1-F_Core 1-18-Ribbon,19,90.23.142,23.45.103,
DHTEJ15-DHADB06-1-F_Core 1-18-Ribbon,20,90.23.163,23.45.075,HH20 in Middle of road
DHTEJ15-DHADB06-1-F_Core 1-18-Ribbon,21,90.23.166,23.45.063,
DHTEJ15-DHADB06-1-F_Core 1-18-Ribbon,22,90.23.179,23.45.073,
DHGUL58-DHGUL48-5-F_Core 1-20-Tube,1,90.24.961,23.46.899,"HH No-01 in Middle the Road & Common area Uday to Twin,Uday to Mascot,Uday to Kaderia (two route) FO Route"
DHGUL58-DHGUL48-5-F_Core 1-20-Tube,2,90.24.969,23.46.875,
DHGUL58-DHGUL48-5-F_Core 1-20-Tube,3,90.24.887,23.46.879,
DHGUL58-DHGUL48-5-F_Core 1-20-Tube,4,90.24.877,23.46.867,SP-01 Towards BTCL/HH04 in Middle of Road
DHGUL58-DHGUL48-5-F_Core 1-20-Tube,5,90.24.752,23.46.868,
DHGUL58-DHGUL48-5-F_Core 1-20-Tube,6,90.24.756,23.46.825,
DHGUL58-DHGUL48-5-F_Core 1-20-Tube,7,90.24.618,23.46.813,
GPSDR34-DHUTT04-1-F_Core 1-48-Tube,0,90 23 58.8,23 52 25.9,
GPSDR34-DHUTT04-1-F_Core 1-48-Tube,1,90 23 57.6,23 52 26.8,
GPSDR34-DHUTT04-1-F_Core 1-48-Tube,2,90 23 57.1,23 52 27.6,
GPSDR34-DHUTT04-1-F_Core 1-48-Tube,3,90 24 1.6,23 52 28.6,
GPSDR34-DHUTT04-1-F_Core 1-48-Tube,4,90 24 2.9,23 52 48.7,
GPSDR34-DHUTT04-1-F_Core 1-48-Tube,5,90 24 2.8,23 53 17.5,Covered by Soil
GPSDR34-DHUTT04-1-F_Core 1-48-Tube,6,90 24 6.4,23 53 34,Covered by Soil
GPSDR34-DHUTT04-1-F_Core 1-48-Tube,7,90 24 26.1,23 53 46.3,
GPSDR34-DHUTT04-1-F_Core 1-48-Tube,8,90 24 37.6,23 54 7.2,Covered by Soil
GPSDR34-DHUTT04-1-F_Core 1-48-Tube,9,90 24 57.1,23 54 19.5,Covered by Soil
GPSDR34-DHUTT04-1-F_Core 1-48-Tube,10,90 25 15,23 54 44.3,Covered by Soil
GPSDR34-DHUTT04-1-F_Core 1-48-Tube,11,90 25 35.5,23 54 57,Covered by Soil
GPSDR34-DHUTT04-1-F_Core 1-48-Tube,12,90 25 53.8,23 55 12.3,Covered by Soil
GPSDR34-DHUTT04-1-F_Core 1-48-Tube,13,90 26 16.4,23 55 27.1,
GPSDR34-DHUTT04-1-F_Core 1-48-Tube,14,90 26 41.8,23 55 35.8,Covered by Soil
GPSDR34-DHUTT04-1-F_Core 1-48-Tube,15,90 26 51.8,23 55 39.7,
GPSDR34-DHUTT04-1-F_Core 1-48-Tube,16,90 26 54.1,23 55 30.1,
GPSDR34-DHUTT04-1-F_Core 1-48-Tube,17,90 26 53,23 55 29.3,Covered by Soil
DHADB06-DHTEJ02-1-F_Core 19-24-Ribbon,1,90.21.775,23.46.618,
DHADB06-DHTEJ02-1-F_Core 19-24-Ribbon,2,90.21.838,23.46.568,
DHADB06-DHTEJ02-1-F_Core 19-24-Ribbon,3,90.21.905,23.46.527,
DHADB06-DHTEJ02-1-F_Core 19-24-Ribbon,4,90.22.026,23.46.412,
DHADB06-DHTEJ02-1-F_Core 19-24-Ribbon,5,90.22.092,23.46.272,
DHADB06-DHTEJ02-1-F_Core 19-24-Ribbon,6,90.22.143,23.46.132,
DHTIA32-DHTEJ15-1-F_Core 1-20-Tube,1,90.24.585,23.46.347,
DHTIA32-DHTEJ15-1-F_Core 1-20-Tube,2,90.24.410,23.46.369,SP-01/HH02 in Front of Rupain Center
DHTIA32-DHTEJ15-1-F_Core 1-20-Tube,3,90.24.397,23.46.326,
DHTIA32-DHTEJ15-1-F_Core 1-20-Tube,4,90.24.363,23.46.317,
DHTIA32-DHTEJ15-1-F_Core 1-20-Tube,5,90.24.349,23.46.222,
DHTIA32-DHTEJ15-1-F_Core 1-20-Tube,6,90.24.315,23.46.002,
DHTIA32-DHTEJ15-1-F_Core 1-20-Tube,7,90.24.300,23.45.922,
DHTIA32-DHTEJ15-1-F_Core 1-20-Tube,8,90.24.361,23.45.893,
DHTIA32-DHTEJ15-1-F_Core 1-20-Tube,9,90.24.325,23.45.848,
DHTIA32-DHTEJ15-1-F_Core 1-20-Tube,10,90.24.337,23.45.793,
DHTIA32-DHTEJ15-1-F_Core 1-20-Tube,11,90.24.285,23.45.782,
DHTIA32-DHTEJ15-1-F_Core 1-20-Tube,12,90.24.211,23.45.792,SP-02/HH12 in Front of Osmania Hall
DHTIA32-DHTEJ15-1-F_Core 1-20-Tube,13,90.24.126,23.45.804,
DHTIA32-DHTEJ15-1-F_Core 1-20-Tube,14,90.24.114,23.45.735,
DHTIA32-DHTEJ15-1-F_Core 1-20-Tube,15,90.24.097,23.45.654,
DHTIA32-DHTEJ15-1-F_Core 1-20-Tube,16,90.24.086,23.45.580,
DHTIA32-DHTEJ15-1-F_Core 1-20-Tube,17,90.24.076,23.45.523,
DHTIA32-DHTEJ15-1-F_Core 1-20-Tube,18,90.23.998,23.45.310,
DHTIA32-DHTEJ15-1-F_Core 1-20-Tube,19,90.23.978,23.45.305,
DHTIA32-DHTEJ15-1-F_Core 1-20-Tube,20,90.24.001,23.45.261,
NGSNG01-CMDKN01-1-F_Core 1-48-Ribbon,1,90 31 38.2,23 42 15.1,
NGSNG01-CMDKN01-1-F_Core 1-48-Ribbon,2,90 31 53.4,23 42 3.8,Under the soil
NGSNG01-CMDKN01-1-F_Core 1-48-Ribbon,3,90 32 3.7,23 41 55.4,Under the soil 
NGSNG01-CMDKN01-1-F_Core 1-48-Ribbon,4,90 32 18.5,23 41 43.8,Under the soil 
NGSNG01-CMDKN01-1-F_Core 1-48-Ribbon,5,90 32 32.2,23 41 33,Under the soil
NGSNG01-CMDKN01-1-F_Core 1-48-Ribbon,6,90 32 50.6,"23 41 26.6	",Under the soil 
NGSNG01-CMDKN01-1-F_Core 1-48-Ribbon,7,90 33 7.6,23 41 14.6,Under the soil 
NGSNG01-CMDKN01-1-F_Core 1-48-Ribbon,8,90 33 16.2,"23 41 4.7	",
NGSNG01-CMDKN01-1-F_Core 1-48-Ribbon,9,90 33 25.8,"23 40 51.5	",Under the soil 
NGSNG01-CMDKN01-1-F_Core 1-48-Ribbon,10,90 33 33.2,23 40 37.6,
NGSNG01-CMDKN01-1-F_Core 1-48-Ribbon,11,90 33 43.5,23 40 18.6,Under the soil 
NGSNG01-CMDKN01-1-F_Core 1-48-Ribbon,12,90 33 50.0,"23 40 06.1	",
NGSNG01-CMDKN01-1-F_Core 1-48-Ribbon,13,90 33 58.2,23 39 49.9,Under the soil
NGSNG01-CMDKN01-1-F_Core 1-48-Ribbon,14,90 34 11.3,23 39 35.9,
NGSNG01-CMDKN01-1-F_Core 1-48-Ribbon,15,90 34 27.2,23 39 27.2,
NGSNG01-CMDKN01-1-F_Core 1-48-Ribbon,16,90  34 41.4,23 39 17.7,
NGSNG01-CMDKN01-1-F_Core 1-48-Ribbon,17,90 34 56.5,23 39 08.2,Under the soil
NGSNG01-CMDKN01-1-F_Core 1-48-Ribbon,18,90 35 11.4,23 38 59.2,
NGSNG01-CMDKN01-1-F_Core 1-48-Ribbon,19,90 35 26.5,23 38 50.2,Under the soil
NGSNG01-CMDKN01-1-F_Core 1-48-Ribbon,20,90 35 36.5,23 38 35.8,
NGSNG01-CMDKN01-1-F_Core 1-48-Ribbon,21,90 35 44.2,"23 38 21.1	",
NGSNG01-CMDKN01-1-F_Core 1-48-Ribbon,22,90 35 57.1,"23 36 05.3	",Under the soil.
NGSNG01-CMDKN01-1-F_Core 1-48-Ribbon,23,90 36 07.3,"23 37 54.5	",
NGSNG01-CMDKN01-1-F_Core 1-48-Ribbon,24,90 36 19.4,"23 37 42.8	",Under the soil.
NGSNG01-CMDKN01-1-F_Core 1-48-Ribbon,25,90 36 29.2,"23 37 27.3	",
NGSNG01-CMDKN01-1-F_Core 1-48-Ribbon,26,90 36 38.6,23 37 13.0,
NGSNG01-CMDKN01-1-F_Core 1-48-Ribbon,27,90 36 47.8,"23 36 59.5	",
NGSNG01-CMDKN01-1-F_Core 1-48-Ribbon,28,90 36 53.9,"23 36 47.2	",Under the soil
NGSNG01-CMDKN01-1-F_Core 1-48-Ribbon,29,90 36 52.2,"23 36 37.8	",
NGSNG01-CMDKN01-1-F_Core 1-48-Ribbon,30,90 37 09.6,"23 36.02.6	",Under the soil
NGSNG01-CMDKN01-1-F_Core 1-48-Ribbon,31,90 37 24.1,"23 35 53.9	",Under the soil
NGSNG01-CMDKN01-1-F_Core 1-48-Ribbon,32,90 37 31.8,"23 35 50.6	",
NGSNG01-CMDKN01-1-F_Core 1-48-Ribbon,33,90 37 44.9,"23 35 39.0	",
NGSNG01-CMDKN01-1-F_Core 1-48-Ribbon,34,90 37 57.5,"23 35 27.1	",
NGSNG01-CMDKN01-1-F_Core 1-48-Ribbon,35,90 38 10.9,"23 35 13.2	",Under the soil
NGSNG01-CMDKN01-1-F_Core 1-48-Ribbon,36,90 38 21.9,23 35 01.7,"Under the soil	"
NGSNG01-CMDKN01-1-F_Core 1-48-Ribbon,37,90 38 35.7,"23 34 47.3	",
NGSNG01-CMDKN01-1-F_Core 1-48-Ribbon,38,90 38 45.3,23 34 32.1,
NGSNG01-CMDKN01-1-F_Core 1-48-Ribbon,39,90 38 54.6,"23 34 15.5	",
NGSNG01-CMDKN01-1-F_Core 1-48-Ribbon,40,90 39 02.9,"23 34 04	",
NGSNG01-CMDKN01-1-F_Core 1-48-Ribbon,41,90 39 13.2,"23 33 46.6	",Under the soil
NGSNG01-CMDKN01-1-F_Core 1-48-Ribbon,42,90 39 22.3,"23 33 38.6	","Under the soil	"
NGSNG01-CMDKN01-1-F_Core 1-48-Ribbon,43,90 39 36.0,"23 33 27.1	","2 Fiber Break at SP Point HH-34 	Under the soil."
NGSNG01-CMDKN01-1-F_Core 1-48-Ribbon,44,90 39 46.0,"23 33 18.5	",
NGSNG01-CMDKN01-1-F_Core 1-48-Ribbon,45,90 39 56.7,"23 33 09.0	",
NGSNG01-CMDKN01-1-F_Core 1-48-Ribbon,46,90 40 08.5,"23 32 54.1	",Under the soil.
NGSNG01-CMDKN01-1-F_Core 1-48-Ribbon,47,90 40 19.2,"23 32 49.7	",
NGSNG01-CMDKN01-1-F_Core 1-48-Ribbon,48,90 40 32.1,23 32 38.1,
NGSNG01-CMDKN01-1-F_Core 1-48-Ribbon,49,90 40 43.9,23 32 28.3,Under the soil
NGSNG01-CMDKN01-1-F_Core 1-48-Ribbon,50,90 40 54.4,23 32 18.7,
NGSNG01-CMDKN01-1-F_Core 1-48-Ribbon,51,90 41 05.1,"23 32 09.1	",Under the soil
NGSNG01-CMDKN01-1-F_Core 1-48-Ribbon,52,90 41 18.4,"23 31 57.1	","Under the soil	"
NGSNG01-CMDKN01-1-F_Core 1-48-Ribbon,53,90 41 28.0,23 31 48.2,
NGSNG01-CMDKN01-1-F_Core 1-48-Ribbon,54,90 41 45.3,"23 31 45.1	",
NGSNG01-CMDKN01-1-F_Core 1-48-Ribbon,55,90 42 49.4,"23 31 49.5	",Under the soil
NGSNG01-CMDKN01-1-F_Core 1-48-Ribbon,56,90 43 10.9,"23 31 51.0	","Under the soil	"
NGSNG01-CMDKN01-1-F_Core 1-48-Ribbon,57,90 41 19.6,"23 31 53.0	",
NGSNG01-CMDKN01-1-F_Core 1-48-Ribbon,58,90 43 40.3,"23 31 58.9	",Under the soil
NGSNG01-CMDKN01-1-F_Core 1-48-Ribbon,59,90 43 53.4,"23 31 52.8	",Under the soil
NGSNG01-CMDKN01-1-F_Core 1-48-Ribbon,60,90 44 10.3,"23 31 44.2	",Under the soil
NGSNG01-CMDKN01-1-F_Core 1-48-Ribbon,61,90 44 27.2,"23 31 40.9	",Under the soil
NGSNG01-CMDKN01-1-F_Core 1-48-Ribbon,62,90 44 46.5,"23 31 42.5	",Under the soil
NGSNG01-CMDKN01-1-F_Core 1-48-Ribbon,63,90 45 02.7,"23 31 42.8	","Under the soil	"
NGSNG01-CMDKN01-1-F_Core 1-48-Ribbon,64,90 45 20.3,"23 31 44.2	","Under the soil	"
NGSNG01-CMDKN01-1-F_Core 1-48-Ribbon,65,90 45 38.2,"23 31 45.4	",Under the soil
NGSNG01-CMDKN01-1-F_Core 1-48-Ribbon,66,90 45 55.6,"23 31 45.6	",
NGSNG01-CMDKN01-1-F_Core 1-48-Ribbon,67,90 46 11.9,"23 31 47.0	",
NGSNG01-CMDKN01-1-F_Core 1-48-Ribbon,68,90 46 29.1,"23 31 47.1	",
NGSNG01-CMDKN01-1-F_Core 1-48-Ribbon,69,90 46 47.2,"23 31 48.2	",Under the soil.
NGSNG01-CMDKN01-1-F_Core 1-48-Ribbon,70,90 47 05.1,"23 31 48.3	",Under the soil.
NGSNG01-CMDKN01-1-F_Core 1-48-Ribbon,71,90 47 04.8,"23 31 47.3	",01 Fiber Break betweenHH-01 and HH-02  Under the soil.
NGSNG01-CMDKN01-1-F_Core 1-48-Ribbon,72,90 47 06.5,"23 31 36.5	","01 Fiber Break betweenHH-01 and HH-02 Under the soil.	"
NGSNG01-CMDKN01-1-F_Core 1-48-Ribbon,73,90 47 06.9,"23 31 36.6	",Under the soil
NGSNG01-CMDKN01-1-F_Core 1-48-Ribbon,74,90 47 07.1,"23 31 36.7	",
GPSDR34-NSPLS02-1-F_Core 1-48-Tube,1,90 27 17.2,"23 55 49.8	",Covered by Soil.
GPSDR34-NSPLS02-1-F_Core 1-48-Tube,2,90 27 32.2,"23 55 53.7	",Covered by Soil.
GPSDR34-NSPLS02-1-F_Core 1-48-Tube,3,90 27 54.1,"23 56 1.5	",
GPSDR34-NSPLS02-1-F_Core 1-48-Tube,4,90 28 23.2,"23 56 08	",Under the Soil
GPSDR34-NSPLS02-1-F_Core 1-48-Tube,5,90 28 50.5,"23 56 10.3	",Under the Soil
GPSDR34-NSPLS02-1-F_Core 1-48-Tube,6,90 29 17.5,"23 56 06.7	",
GPSDR34-NSPLS02-1-F_Core 1-48-Tube,7,90 29 37.4,"23 56 1.3	",Under the Soil
GPSDR34-NSPLS02-1-F_Core 1-48-Tube,8,90 29 40.3,"23 56 02.1	",
GPSDR34-NSPLS02-1-F_Core 1-48-Tube,9,90 30 7.6,"23 56 12	",
GPSDR34-NSPLS02-1-F_Core 1-48-Tube,10,90 30 38.9,"23 56 7.6	",
GPSDR34-NSPLS02-1-F_Core 1-48-Tube,11,90 30 51.1,"23 56 03.5	",Under the Soil
GPSDR34-NSPLS02-1-F_Core 1-48-Tube,12,90 31 02.7,"23 56 01.4	",
GPSDR34-NSPLS02-1-F_Core 1-48-Tube,13,90 31 26.3,"23 55 49.8	",
GPSDR34-NSPLS02-1-F_Core 1-48-Tube,14,90 31 45,"23 55 43	",Under the Soil
GPSDR34-NSPLS02-1-F_Core 1-48-Tube,15,90 31 18.8,"23 55 37.3	",
GPSDR34-NSPLS02-1-F_Core 1-48-Tube,16,90 32 47.4,"23 55 18.4	",
GPSDR34-NSPLS02-1-F_Core 1-48-Tube,17,90 33 11.7,"23 55 37.3	",
GPSDR34-NSPLS02-1-F_Core 1-48-Tube,18,90 33 39.3,"23 55 37.8	",
GPSDR34-NSPLS02-1-F_Core 1-48-Tube,19,90 33 5.4,"23 55 42.4	", Two Core break between M2-19 and M2-20.  Under the Soil 
GPSDR34-NSPLS02-1-F_Core 1-48-Tube,20,90 34 32.8,"23 55 43.4	",Two Core break between M2-19 and M2-20
GPSDR34-NSPLS02-1-F_Core 1-48-Tube,21,90 35 0.3,"23 55 42.2	",Under the Soil
GPSDR34-NSPLS02-1-F_Core 1-48-Tube,22,90 35 25.6,"23 55 51.7	",Under the Soil
GPSDR34-NSPLS02-1-F_Core 1-48-Tube,23,90 35 50.0,"23 56 03.6	",
GPSDR34-NSPLS02-1-F_Core 1-48-Tube,24,90 36 14.2,"23 56 15.2	",
GPSDR34-NSPLS02-1-F_Core 1-48-Tube,25,90 36 39.2,"23 56 25.7	",Under the Soil
GPSDR34-NSPLS02-1-F_Core 1-48-Tube,26,90 36 48.6,"23 56 26.6	",
GPSDR34-NSPLS02-1-F_Core 1-48-Tube,27,90 37 14.0,"23 56 22.5	",
GPSDR34-NSPLS02-1-F_Core 1-48-Tube,28,90 37 34.9,"23 56 19.6	",
GPSDR34-NSPLS02-1-F_Core 1-48-Tube,29,90 37 48.8,"23 56 17.8	",
GPSDR34-NSPLS02-1-F_Core 1-48-Tube,30,90 37 51,"23 55 58	",
NSPLS02-NSBLB02-1-F_Core 1-12-Tube,1,90 37 51.9,"23 56 17.1	",
NSPLS02-NSBLB02-1-F_Core 1-12-Tube,2,90 38 18.1,"23 56 10.6	",
NSPLS02-NSBLB02-1-F_Core 1-12-Tube,3,90 38 33.7,"23 55 49.8	",
NSPLS02-NSBLB02-1-F_Core 1-12-Tube,4,90 38 48.5,"23 55 28.4	",Under the Soil
NSPLS02-NSBLB02-1-F_Core 1-12-Tube,5,90 39 03.6,"23 55 07.3	",Under the Soil
NSPLS02-NSBLB02-1-F_Core 1-12-Tube,6,90 39 27.5,"23 54 56	",Under the Soil
NSPLS02-NSBLB02-1-F_Core 1-12-Tube,7,90 39 52.3,"23 54 44.6	",
NSPLS02-NSBLB02-1-F_Core 1-12-Tube,8,90 39 55.9,"23 54 22.0	",Under the Soil
NSPLS02-NSBLB02-1-F_Core 1-12-Tube,9,90 39 51.4,23 53 57.3,
NSPLS02-NSBLB02-1-F_Core 1-12-Tube,10,90 39 56.1,23 53 37.0,
NSPLS02-NSBLB02-1-F_Core 1-12-Tube,11,90 39 56.1,"23 53 37.0	",
NSPLS02-NSBLB02-1-F_Core 1-12-Tube,12,90 40 24.4,"23 53 41.1	",Under the Soil
NSPLS02-NSBLB02-1-F_Core 1-12-Tube,13,90 40 50.1,"23 53 49.8	",
NSPLS02-NSBLB02-1-F_Core 1-12-Tube,14,90 41 03.5,"23 54 11.4	",
NSPLS02-NSBLB02-1-F_Core 1-12-Tube,15,90 41 14.4,"23 54 34.3	",Under the Soil
NSPLS02-NSBLB02-1-F_Core 1-12-Tube,16,90 41 28.8,"23 54 55.4	",
NSPLS02-NSBLB02-1-F_Core 1-12-Tube,17,90 41 45.7,"23 55 14.6	",
NSPLS02-NSBLB02-1-F_Core 1-12-Tube,18,90 42 03.0,"23 55 34.5	",
NSPLS02-NSBLB02-1-F_Core 1-12-Tube,19,90 42 20.5,"23 55 55.3	",
NSPLS02-NSBLB02-1-F_Core 1-12-Tube,20,90 42 35.7,"23 56 13.8	",Under the Soil
NSPLS02-NSBLB02-1-F_Core 1-12-Tube,21,90 42 36.4,"23 56 38.9	",
