<?xml version="1.0" encoding="UTF-8"?>
<ldmaMappings>
	<mapping rule="Link">
		<map operation="map">			
			<entry key="Link Code" value="Name"/>
			<entry key="Site 1 Code" value="ATeminationName"/>
			<entry key="Site 2 Code" value="ZTeminationName"/>
		</map>		
		<map operation="add">
			<entry key="Type" value="Physical Fiber Link"/>
			<entry key="Template" value="Unknown"/>				
		</map>
		<list opeartion="delete">		
			<value>Bandwidth</value>		
		</list>
	</mapping>
</ldmaMappings>
