<xs:schema attributeFormDefault="unqualified" elementFormDefault="qualified" xmlns:xs="http://www.w3.org/2001/XMLSchema">
  <xs:element name="NetworkEntity">
    <xs:complexType>
      <xs:sequence>
        <xs:element name="Network" maxOccurs="unbounded" minOccurs="0">
          <xs:complexType>
            <xs:sequence>
              <xs:element type="xs:string" name="Name"/>
              <xs:element type="xs:string" name="Type"/>
              <xs:element type="xs:string" name="Template" minOccurs="0"/>
              <xs:element name="Features">
                <xs:complexType>
                  <xs:sequence>
                    <xs:element name="Feature" maxOccurs="unbounded" minOccurs="0">
                      <xs:complexType>
                        <xs:sequence>
                          <xs:element type="xs:string" name="Name"/>
                          <xs:element type="xs:string" name="Value"/>
                          <xs:element type="xs:string" name="DisplayName" minOccurs="0"/>
                          <xs:element type="xs:string" name="Mandatory" minOccurs="0"/>
                          <xs:element type="xs:string" name="ReadOnly" minOccurs="0"/>
                          <xs:element type="xs:string" name="Discovered" minOccurs="0"/>
                        </xs:sequence>
                      </xs:complexType>
                    </xs:element>
                  </xs:sequence>
                </xs:complexType>
              </xs:element>
              <xs:element type="xs:string" name="DomainType" minOccurs="0"/>
              <xs:element type="xs:string" name="ShortName" minOccurs="0"/>
              <xs:element type="xs:string" name="Layer" minOccurs="0"/>
              <xs:element type="xs:string" name="State" minOccurs="0"/>
              <xs:element type="xs:string" name="Status" minOccurs="0"/>
              <xs:element type="xs:string" name="ParentNetworkName" minOccurs="0"/>,,
            </xs:sequence>
          </xs:complexType>
        </xs:element>
        <xs:element name="Software" maxOccurs="unbounded" minOccurs="0">
          <xs:complexType>
            <xs:sequence>
              <xs:element type="xs:string" name="Name"/>
              <xs:element type="xs:string" name="Type"/>
              <xs:element type="xs:string" name="Template" minOccurs="0"/>
              <xs:element name="Features">
                <xs:complexType>
                  <xs:sequence>
                    <xs:element name="Feature" maxOccurs="unbounded" minOccurs="0">
                      <xs:complexType>
                        <xs:sequence>
                          <xs:element type="xs:string" name="Name"/>
                          <xs:element type="xs:string" name="Value"/>
                          <xs:element type="xs:string" name="DisplayName" minOccurs="0"/>
                          <xs:element type="xs:string" name="Mandatory" minOccurs="0"/>
                          <xs:element type="xs:string" name="ReadOnly" minOccurs="0"/>
                          <xs:element type="xs:string" name="Discovered" minOccurs="0"/>
                        </xs:sequence>
                      </xs:complexType>
                    </xs:element>
                  </xs:sequence>
                </xs:complexType>
              </xs:element>
              <xs:element type="xs:string" name="Vendor" minOccurs="0"/>
              <xs:element type="xs:string" name="Version" minOccurs="0"/>
              <xs:element type="xs:string" name="State" minOccurs="0"/>
              <xs:element type="xs:string" name="Status" minOccurs="0"/>
            </xs:sequence>
          </xs:complexType>
        </xs:element>
        <xs:element name="Location" maxOccurs="unbounded" minOccurs="0">
          <xs:complexType>
            <xs:sequence>
              <xs:element type="xs:string" name="Name"/>
              <xs:element type="xs:string" name="Type"/>
              <xs:element type="xs:string" name="Template" minOccurs="0"/>
              <xs:element name="Features">
                <xs:complexType>
                  <xs:sequence>
                    <xs:element name="Feature" maxOccurs="unbounded" minOccurs="0">
                      <xs:complexType>
                        <xs:sequence>
                          <xs:element type="xs:string" name="Name"/>
                          <xs:element type="xs:string" name="Value"/>
                          <xs:element type="xs:string" name="DisplayName" minOccurs="0"/>
                          <xs:element type="xs:string" name="Mandatory" minOccurs="0"/>
                          <xs:element type="xs:string" name="ReadOnly" minOccurs="0"/>
                          <xs:element type="xs:string" name="Discovered" minOccurs="0"/>
                        </xs:sequence>
                      </xs:complexType>
                    </xs:element>
                  </xs:sequence>
                </xs:complexType>
              </xs:element>
              <xs:element type="xs:string" name="Address1" minOccurs="0"/>
              <xs:element type="xs:string" name="Address2" minOccurs="0"/>
              <xs:element type="xs:string" name="Country" minOccurs="0"/>
              <xs:element type="xs:string" name="Latitude" minOccurs="0"/>
              <xs:element type="xs:string" name="Longitude" minOccurs="0"/>
              <xs:element type="xs:string" name="Postcode" minOccurs="0"/>
              <xs:element type="xs:string" name="Town" minOccurs="0"/>
              <xs:element type="xs:string" name="ParentLocationName" minOccurs="0"/>
            </xs:sequence>
          </xs:complexType>
        </xs:element>
        <xs:element name="Collection" maxOccurs="unbounded" minOccurs="0">
          <xs:complexType>
            <xs:sequence>
              <xs:element type="xs:string" name="Name"/>
              <xs:element type="xs:string" name="Type"/>
              <xs:element type="xs:string" name="Template" minOccurs="0"/>
              <xs:element name="Features">
                <xs:complexType>
                  <xs:sequence>
                    <xs:element name="Feature" maxOccurs="unbounded" minOccurs="0">
                      <xs:complexType>
                        <xs:sequence>
                          <xs:element type="xs:string" name="Name"/>
                          <xs:element type="xs:string" name="Value"/>
                          <xs:element type="xs:string" name="DisplayName" minOccurs="0"/>
                          <xs:element type="xs:string" name="Mandatory" minOccurs="0"/>
                          <xs:element type="xs:string" name="ReadOnly" minOccurs="0"/>
                          <xs:element type="xs:string" name="Discovered" minOccurs="0"/>
                        </xs:sequence>
                      </xs:complexType>
                    </xs:element>
                  </xs:sequence>
                </xs:complexType>
              </xs:element>
              <xs:element type="xs:string" name="CapacityType" minOccurs="0"/>
              <xs:element type="xs:string" name="LocationName" minOccurs="0"/>
              <xs:element type="xs:string" name="State" minOccurs="0"/>
              <xs:element type="xs:string" name="Status" minOccurs="0"/>
              <xs:element type="xs:string" name="ParentCollectionName" minOccurs="0"/>
            </xs:sequence>
          </xs:complexType>
        </xs:element>
        <xs:element name="Equipment" maxOccurs="unbounded" minOccurs="0">
          <xs:complexType>
            <xs:sequence>
              <xs:element type="xs:string" name="Name"/>
              <xs:element type="xs:string" name="Type"/>
              <xs:element type="xs:string" name="Template" minOccurs="0"/>
              <xs:element name="Features">
                <xs:complexType>
                  <xs:sequence>
                    <xs:element name="Feature" maxOccurs="unbounded" minOccurs="0">
                      <xs:complexType>
                        <xs:sequence>
                          <xs:element type="xs:string" name="Name"/>
                          <xs:element type="xs:string" name="Value"/>
                          <xs:element type="xs:string" name="DisplayName" minOccurs="0"/>
                          <xs:element type="xs:string" name="Mandatory" minOccurs="0"/>
                          <xs:element type="xs:string" name="ReadOnly" minOccurs="0"/>
                          <xs:element type="xs:string" name="Discovered" minOccurs="0"/>
                        </xs:sequence>
                      </xs:complexType>
                    </xs:element>
                  </xs:sequence>
                </xs:complexType>
              </xs:element>
              <xs:element type="xs:string" name="NetworkName" minOccurs="0"/>
              <xs:element type="xs:string" name="HwInventory" minOccurs="0"/>
              <xs:element type="xs:string" name="NeName" minOccurs="0"/>
              <xs:element type="xs:string" name="PositionNumber" minOccurs="0"/>
              <xs:element type="xs:string" name="SwInventory" minOccurs="0"/>
              <xs:element type="xs:string" name="CollectionName" minOccurs="0"/>
              <xs:element type="xs:string" name="LocationName" minOccurs="0"/>
              <xs:element type="xs:string" name="State" minOccurs="0"/>
              <xs:element type="xs:string" name="Status" minOccurs="0"/>
              <xs:element type="xs:string" name="ParentEquipmentName" minOccurs="0"/>
            </xs:sequence>
          </xs:complexType>
        </xs:element>
	 <xs:element name="Capacity" maxOccurs="unbounded" minOccurs="0">
          <xs:complexType>
            <xs:sequence>
              <xs:element type="xs:string" name="Name"/>
              <xs:element type="xs:string" name="Type"/>
	      <xs:element type="xs:string" name="UnitType"/>
	      <xs:element type="xs:string" name="Amount"/>
              <xs:element name="Features">
                <xs:complexType>
                  <xs:sequence>
                    <xs:element name="Feature" maxOccurs="unbounded" minOccurs="0">
                      <xs:complexType>
                        <xs:sequence>
                          <xs:element type="xs:string" name="Name"/>
                          <xs:element type="xs:string" name="Value"/>
                          <xs:element type="xs:string" name="DisplayName" minOccurs="0"/>
                          <xs:element type="xs:string" name="Mandatory" minOccurs="0"/>
                          <xs:element type="xs:string" name="ReadOnly" minOccurs="0"/>
                          <xs:element type="xs:string" name="Discovered" minOccurs="0"/>
                        </xs:sequence>
                      </xs:complexType>
                    </xs:element>
                  </xs:sequence>
                </xs:complexType>
              </xs:element>
              <xs:element type="xs:string" name="CollectionNames" minOccurs="0"/>
	      <xs:element type="xs:string" name="LinkNames" minOccurs="0"/>
              <xs:element type="xs:string" name="PathNames" minOccurs="0"/>
	      <xs:element type="xs:string" name="TerminationNames" minOccurs="0"/>
            </xs:sequence>
          </xs:complexType>
        </xs:element>
	 <xs:element name="CapacityDemand" maxOccurs="unbounded" minOccurs="0">
          <xs:complexType>
            <xs:sequence>
              <xs:element type="xs:string" name="Name"/>
              <xs:element type="xs:string" name="Type"/>
	      <xs:element type="xs:string" name="UnitType"/>
	      <xs:element type="xs:string" name="Amount"/>
              <xs:element name="Features">
                <xs:complexType>
                  <xs:sequence>
                    <xs:element name="Feature" maxOccurs="unbounded" minOccurs="0">
                      <xs:complexType>
                        <xs:sequence>
                          <xs:element type="xs:string" name="Name"/>
                          <xs:element type="xs:string" name="Value"/>
                          <xs:element type="xs:string" name="DisplayName" minOccurs="0"/>
                          <xs:element type="xs:string" name="Mandatory" minOccurs="0"/>
                          <xs:element type="xs:string" name="ReadOnly" minOccurs="0"/>
                          <xs:element type="xs:string" name="Discovered" minOccurs="0"/>
                        </xs:sequence>
                      </xs:complexType>
                    </xs:element>
                  </xs:sequence>
                </xs:complexType>
              </xs:element>
              <xs:element type="xs:string" name="CollectionNames" minOccurs="0"/>
	      <xs:element type="xs:string" name="LinkNames" minOccurs="0"/>
              <xs:element type="xs:string" name="PathNames" minOccurs="0"/>
	      <xs:element type="xs:string" name="TerminationNames" minOccurs="0"/>
            </xs:sequence>
          </xs:complexType>
        </xs:element>
        <xs:element name="Application" maxOccurs="unbounded" minOccurs="0">
          <xs:complexType>
            <xs:sequence>
              <xs:element type="xs:string" name="Name"/>
              <xs:element type="xs:string" name="Type"/>
              <xs:element type="xs:string" name="Template" minOccurs="0"/>
              <xs:element name="Features">
                <xs:complexType>
                  <xs:sequence>
                    <xs:element name="Feature" maxOccurs="unbounded" minOccurs="0">
                      <xs:complexType>
                        <xs:sequence>
                          <xs:element type="xs:string" name="Name"/>
                          <xs:element type="xs:string" name="Value"/>
                          <xs:element type="xs:string" name="DisplayName" minOccurs="0"/>
                          <xs:element type="xs:string" name="Mandatory" minOccurs="0"/>
                          <xs:element type="xs:string" name="ReadOnly" minOccurs="0"/>
                          <xs:element type="xs:string" name="Discovered" minOccurs="0"/>
                        </xs:sequence>
                      </xs:complexType>
                    </xs:element>
                  </xs:sequence>
                </xs:complexType>
              </xs:element>
              <xs:element type="xs:string" name="SoftwareName" minOccurs="0"/>
              <xs:element type="xs:string" name="State" minOccurs="0"/>
              <xs:element type="xs:string" name="Status" minOccurs="0"/>
              <xs:element type="xs:string" name="ParentApplicationName" minOccurs="0"/>
              <xs:element name="EquipmentNames" minOccurs="0">
                <xs:complexType>
                  <xs:sequence>
                    <xs:element type="xs:string" name="EquipmentName" maxOccurs="unbounded" minOccurs="0"/>
                  </xs:sequence>
                </xs:complexType>
              </xs:element>
            </xs:sequence>
          </xs:complexType>
        </xs:element>
        <xs:element name="Termination" maxOccurs="unbounded" minOccurs="0">
          <xs:complexType>
            <xs:sequence>
              <xs:element type="xs:string" name="Name"/>
              <xs:element type="xs:string" name="Type"/>
              <xs:element type="xs:string" name="Template" minOccurs="0"/>
              <xs:element name="Features">
                <xs:complexType>
                  <xs:sequence>
                    <xs:element name="Feature" maxOccurs="unbounded" minOccurs="0">
                      <xs:complexType>
                        <xs:sequence>
                          <xs:element type="xs:string" name="Name"/>
                          <xs:element type="xs:string" name="Value"/>
                          <xs:element type="xs:string" name="DisplayName" minOccurs="0"/>
                          <xs:element type="xs:string" name="Mandatory" minOccurs="0"/>
                          <xs:element type="xs:string" name="ReadOnly" minOccurs="0"/>
                          <xs:element type="xs:string" name="Discovered" minOccurs="0"/>
                        </xs:sequence>
                      </xs:complexType>
                    </xs:element>
                  </xs:sequence>
                </xs:complexType>
              </xs:element>
              <xs:element type="xs:string" name="NeName" minOccurs="0"/>
              <xs:element type="xs:string" name="ParentTerminationName" minOccurs="0"/>
              <xs:element type="xs:string" name="EquipmentName" minOccurs="0"/>
              <xs:element type="xs:string" name="InUse" minOccurs="0"/>
              <xs:element type="xs:string" name="CapacityType" minOccurs="0"/>
              <xs:element type="xs:string" name="State" minOccurs="0"/>
              <xs:element type="xs:string" name="Status" minOccurs="0"/>
	      <xs:element name="Capacities" minOccurs="0">
                <xs:complexType>
                  <xs:sequence>
                    <xs:element type="xs:Capacity" name="Capacity" maxOccurs="unbounded" minOccurs="0"/>
                  </xs:sequence>
                </xs:complexType>
              </xs:element>
	      <xs:element name="CapacityDemands" minOccurs="0">
                <xs:complexType>
                  <xs:sequence>
                    <xs:element type="xs:CapacityDemand" name="CapacityDemand" maxOccurs="unbounded" minOccurs="0"/>
                  </xs:sequence>
                </xs:complexType>
              </xs:element>
            </xs:sequence>
          </xs:complexType>
        </xs:element>
        <xs:element name="Link" maxOccurs="unbounded" minOccurs="0">
          <xs:complexType>
            <xs:sequence>
              <xs:element type="xs:string" name="Name"/>
              <xs:element type="xs:string" name="Type"/>
              <xs:element type="xs:string" name="Template" minOccurs="0"/>
              <xs:element name="Features">
                <xs:complexType>
                  <xs:sequence>
                    <xs:element name="Feature" maxOccurs="unbounded" minOccurs="0">
                      <xs:complexType>
                        <xs:sequence>
                          <xs:element type="xs:string" name="Name"/>
                          <xs:element type="xs:string" name="Value"/>
                          <xs:element type="xs:string" name="DisplayName" minOccurs="0"/>
                          <xs:element type="xs:string" name="Mandatory" minOccurs="0"/>
                          <xs:element type="xs:string" name="ReadOnly" minOccurs="0"/>
                          <xs:element type="xs:string" name="Discovered" minOccurs="0"/>
                        </xs:sequence>
                      </xs:complexType>
                    </xs:element>
                  </xs:sequence>
                </xs:complexType>
              </xs:element>
              <xs:element type="xs:string" name="capacityType" minOccurs="0"/>
              <xs:element type="xs:string" name="NetworkName" minOccurs="0"/>
              <xs:element type="xs:string" name="State" minOccurs="0"/>
              <xs:element type="xs:string" name="Status" minOccurs="0"/>
              <xs:element type="xs:string" name="ATerminationName"/>
              <xs:element type="xs:string" name="ZTerminationName"/>
              <xs:element type="xs:string" name="ParentLinkName" minOccurs="0"/>
              <xs:element name="PathNames" minOccurs="0">
                <xs:complexType>
                  <xs:sequence>
                    <xs:element type="xs:string" name="PathName" maxOccurs="unbounded" minOccurs="0"/>
                  </xs:sequence>
                </xs:complexType>
              </xs:element>
	      <xs:element name="Capacities" minOccurs="0">
                <xs:complexType>
                  <xs:sequence>
                    <xs:element type="xs:Capacity" name="Capacity" maxOccurs="unbounded" minOccurs="0"/>
                  </xs:sequence>
                </xs:complexType>
              </xs:element>
	      <xs:element name="CapacityDemands" minOccurs="0">
                <xs:complexType>
                  <xs:sequence>
                    <xs:element type="xs:CapacityDemand" name="CapacityDemand" maxOccurs="unbounded" minOccurs="0"/>
                  </xs:sequence>
                </xs:complexType>
              </xs:element>
            </xs:sequence>
          </xs:complexType>
        </xs:element>
        <xs:element name="Path" maxOccurs="unbounded" minOccurs="0">
          <xs:complexType>
            <xs:sequence>
              <xs:element type="xs:string" name="Name"/>
              <xs:element type="xs:string" name="Type"/>
              <xs:element type="xs:string" name="Template" minOccurs="0"/>
              <xs:element name="Features">
                <xs:complexType>
                  <xs:sequence>
                    <xs:element name="Feature" maxOccurs="unbounded" minOccurs="0">
                      <xs:complexType>
                        <xs:sequence>
                          <xs:element type="xs:string" name="Name"/>
                          <xs:element type="xs:string" name="Value"/>
                          <xs:element type="xs:string" name="DisplayName" minOccurs="0"/>
                          <xs:element type="xs:string" name="Mandatory" minOccurs="0"/>
                          <xs:element type="xs:string" name="ReadOnly" minOccurs="0"/>
                          <xs:element type="xs:string" name="Discovered" minOccurs="0"/>
                        </xs:sequence>
                      </xs:complexType>
                    </xs:element>
                  </xs:sequence>
                </xs:complexType>
              </xs:element>
              <xs:element type="xs:string" name="NetworkName" minOccurs="0"/>
              <xs:element type="xs:string" name="State" minOccurs="0"/>
              <xs:element type="xs:string" name="Status" minOccurs="0"/>
              <xs:element name="ParentPathNames" minOccurs="0">
	            <xs:complexType>
		      <xs:sequence>
			<xs:element type="xs:string" name="ParentPathName" maxOccurs="unbounded" minOccurs="0"/>
		      </xs:sequence>
	            </xs:complexType>
              </xs:element>
              <xs:element name="TerminationNames" minOccurs="0">
                <xs:complexType>
                  <xs:sequence>
                    <xs:element type="xs:string" name="TerminationName" maxOccurs="unbounded" minOccurs="0"/>
                  </xs:sequence>
                </xs:complexType>
              </xs:element>
	       <xs:element name="Capacities" minOccurs="0">
                <xs:complexType>
                  <xs:sequence>
                    <xs:element type="xs:Capacity" name="Capacity" maxOccurs="unbounded" minOccurs="0"/>
                  </xs:sequence>
                </xs:complexType>
              </xs:element>
	      <xs:element name="CapacityDemands" minOccurs="0">
                <xs:complexType>
                  <xs:sequence>
                    <xs:element type="xs:CapacityDemand" name="CapacityDemand" maxOccurs="unbounded" minOccurs="0"/>
                  </xs:sequence>
                </xs:complexType>
              </xs:element>
            </xs:sequence>
          </xs:complexType>
        </xs:element>
        <xs:element name="Service" maxOccurs="unbounded" minOccurs="0">
          <xs:complexType>
            <xs:sequence>
              <xs:element type="xs:string" name="Name"/>
              <xs:element type="xs:string" name="Type"/>
              <xs:element type="xs:string" name="Template" minOccurs="0"/>
              <xs:element name="Features">
                <xs:complexType>
                  <xs:sequence>
                    <xs:element name="Feature" maxOccurs="unbounded" minOccurs="0">
                      <xs:complexType>
                        <xs:sequence>
                          <xs:element type="xs:string" name="Name"/>
                          <xs:element type="xs:string" name="Value"/>
                          <xs:element type="xs:string" name="DisplayName" minOccurs="0"/>
                          <xs:element type="xs:string" name="Mandatory" minOccurs="0"/>
                          <xs:element type="xs:string" name="ReadOnly" minOccurs="0"/>
                          <xs:element type="xs:string" name="Discovered" minOccurs="0"/>
                        </xs:sequence>
                      </xs:complexType>
                    </xs:element>
                  </xs:sequence>
                </xs:complexType>
              </xs:element>
              <xs:element name="TerminationNames" minOccurs="0">
                <xs:complexType>
                  <xs:sequence>
                    <xs:element type="xs:string" name="TerminationName" maxOccurs="unbounded" minOccurs="0"/>
                  </xs:sequence>
                </xs:complexType>
              </xs:element>
              <xs:element name="PathNames" minOccurs="0">
                <xs:complexType>
                  <xs:sequence>
                    <xs:element type="xs:string" name="PathName" maxOccurs="unbounded" minOccurs="0"/>
                  </xs:sequence>
                </xs:complexType>
              </xs:element>
               <xs:element name="ParentServiceNames" minOccurs="0">
                <xs:complexType>
                  <xs:sequence>
                    <xs:element type="xs:string" name="ParentServiceName" maxOccurs="unbounded" minOccurs="0"/>
                  </xs:sequence>
                </xs:complexType>
              </xs:element>
              <xs:element type="xs:string" name="serviceLabel" minOccurs="0"/>
              <xs:element type="xs:string" name="State" minOccurs="0"/>
              <xs:element type="xs:string" name="Status" minOccurs="0"/>
            </xs:sequence>
          </xs:complexType>
        </xs:element>
        <xs:element name="Customer" maxOccurs="unbounded" minOccurs="0">
          <xs:complexType>
            <xs:sequence>
              <xs:element type="xs:string" name="Name"/>
              <xs:element type="xs:string" name="Template" minOccurs="0"/>
              <xs:element name="Features">
                <xs:complexType>
                  <xs:sequence>
                    <xs:element name="Feature" maxOccurs="unbounded" minOccurs="0">
                      <xs:complexType>
                        <xs:sequence>
                          <xs:element type="xs:string" name="Name"/>
                          <xs:element type="xs:string" name="Value"/>
                          <xs:element type="xs:string" name="DisplayName" minOccurs="0"/>
                          <xs:element type="xs:string" name="Mandatory" minOccurs="0"/>
                          <xs:element type="xs:string" name="ReadOnly" minOccurs="0"/>
                          <xs:element type="xs:string" name="Discovered" minOccurs="0"/>
                        </xs:sequence>
                      </xs:complexType>
                    </xs:element>
                  </xs:sequence>
                </xs:complexType>
              </xs:element>
              <xs:element type="xs:string" name="Address" minOccurs="0"/>
              <xs:element type="xs:string" name="Email" minOccurs="0"/>
              <xs:element type="xs:string" name="NameDetail" minOccurs="0"/>
              <xs:element type="xs:string" name="PhoneBiz" minOccurs="0"/>
              <xs:element type="xs:string" name="PhoneHome" minOccurs="0"/>
              <xs:element type="xs:string" name="PhoneMobile" minOccurs="0"/>
              <xs:element type="xs:string" name="Rating" minOccurs="0"/>
              <xs:element type="xs:string" name="State" minOccurs="0"/>
              <xs:element type="xs:string" name="Status" minOccurs="0"/>
              <xs:element name="PathNames" minOccurs="0">
                <xs:complexType>
                  <xs:sequence>
                    <xs:element type="xs:string" name="PathName" maxOccurs="unbounded" minOccurs="0"/>
                  </xs:sequence>
                </xs:complexType>
              </xs:element>
              <xs:element name="ServiceNames" minOccurs="0">
                <xs:complexType>
                  <xs:sequence>
                    <xs:element type="xs:string" name="ServiceName" maxOccurs="unbounded" minOccurs="0"/>
                  </xs:sequence>
                </xs:complexType>
              </xs:element>
            </xs:sequence>
          </xs:complexType>
        </xs:element>
      </xs:sequence>
    </xs:complexType>
  </xs:element>
</xs:schema>
