Site Code,NE Name (L1),Shelf(L2),Slot(L2),Port(L2),NE Name (L1) Odf,NE Name (L1) Odf Tray,NE Name (L1) Odf Tray Port
DHGUL58,1-DHGUL58_OSN35_1,--,4,1,1,1,1
DHGUL58,1-DHGUL58_OSN35_1,--,4,2,1,1,2
DHGUL58,1-DHGUL58_OSN35_1,--,4,3,1,1,3
DHGUL58,1-DHGUL58_OSN35_1,--,4,4,1,1,4
DHGUL58,1-DHGUL58_OSN35_1,--,4,5,1,1,5
DHGUL58,1-DHGUL58_OSN35_1,--,4,6,1,1,6
DHGUL58,1-DHGUL58_OSN35_1,--,4,7,1,1,7
DHGUL58,1-DHGUL58_OSN35_1,--,4,8,1,1,8
DHGUL58,1-DHGUL58_OSN35_1,--,14,1,1,1,9
DHGUL58,1-DHGUL58_OSN35_1,--,14,2,1,1,10
DHGUL58,1-DHGUL58_OSN35_1,--,14,3,1,1,11
DHGUL58,1-DHGUL58_OSN35_1,--,14,4,1,1,12
DHGUL58,1-DHGUL58_OSN35_1,--,14,5,1,2,1
DHGUL58,1-DHGUL58_OSN35_1,--,14,6,1,2,2
DHGUL58,1-DHGUL58_OSN35_1,--,14,7,1,2,3
DHGUL58,1-DHGUL58_OSN35_1,--,14,8,1,2,4
DHGUL58,1-DHGUL58_OSN35_1,--,8,1,1,2,5
DHGUL58,1-DHGUL58_OSN35_1,--,7,1,1,2,6
DHGUL58,1-DHGUL58_OSN35_1,--,7,2,1,2,7
DHGUL58,1-DHGUL58_OSN35_1,--,6,1,1,2,8
DHGUL58,1-DHGUL58_OSN35_1,--,13,1,1,2,9
DHGUL58,1-DHGUL58_OSN35_1,--,12,1,1,2,10
DHGUL58,1-DHGUL58_OSN35_1,--,11,1,1,2,11
DHGUL58,1-DHGUL58_OSN35_1,--,13,1,1,2,12
DHGUL58,1-DHGUL58_OSN35_1,--,13,2,1,3,1
