Link Code,Site 1 Code,Site 1 Name,Site 2 Code,Site 2 Name,Core,Bandwidth,Tx,Rx,Length,PathType,FiberType
BMSDR04-HGSDR02-1-F_Core 1-48-Tube,BMSDR04,Bhudanti Backbone,HGSDR02,Saistaganj Backbone,48,,,,47.06,Underground,Robi
CGBAK08-CGCDG41-1-F_Core 1-12-Tube,CGBAK08,South Bakolia,CGCDG41,Chittagong South Core,24,,,,4,Underground,Robi
CGBAK08-CGCDGT1-1-F_Core 13-24-Ribbon,CGBAK08,South Bakolia,CGCDGT1,Kalurghat BSC,48,,,,6.375,Underground,Robi
CGCDG01-CGCDGT1-1-F_Core 1-12-Tube,CGCDG01,Amin ( Kalu Ghat ),CGCDGT1,Kalurghat BSC,48,,,,0.682,Underground,Robi
CGCDG01-CGPCH03-1-F_Core 1-12-Tube,CGCDG01,Amin ( Kalu Ghat ),CGPCH03,Shulokbahar,48,,,,2.631,Underground,Robi
CGCDGT1-CGCDG41-1-F_Core 1-12-Tube,CGCDGT1,Kalurghat BSC,CGCDG41,Chittagong South Core,24,,,,1.7,Underground,Robi
CGDMG01-CGCDGT1-1-F_Core 13-48-Tube,CGDMG01,Faruk Chamber,CGCDGT1,Kalurghat BSC,48,,,,10.662,Underground,Robi
CGDMG01-CGDMG29-2-F_Core 1-48-Ribbon,CGDMG01,Faruk Chamber,CGDMG29,Akhteruzzaman,48,,,,2.554,Underground,Robi
CGDMG01-CGKTL32-1-F_Core 1-12-Ribbon,CGDMG01,Faruk Chamber,CGKTL32,Nandan Kanon,48,,,,4.23,Underground,Robi
CGDMG01-CGKTL32-2-F_Core 1-24-Ribbon,CGDMG01,Faruk Chamber,CGKTL32,Nandan Kanon,48,,,,4.23,Underground,Robi
CGDMG01-CGKTL36-1-F_Core 1-12-Tube,CGDMG01,Faruk Chamber,CGKTL36,VIP,24,,,,3.477,Underground,Robi
CGDMG01-CGKTL36-1-F_Core 1-24-Ribbon,CGDMG01,Faruk Chamber,CGKTL36,VIP,48,,,,4.23,Underground,Robi
CGDMG01-CGKTLT1-1-F_Core 1-6-Tube,CGDMG01,Faruk Chamber,CGKTLT1,Azad Bhaban,24,,,,6.956,Underground,Robi
CGDMG01-CGKTLT1-2-F_Core 25-48-Ribbon,CGDMG01,Faruk Chamber,CGKTLT1,Azad Bhaban,48,,,,6.97,Underground,Robi
CGDMG01-CGPCH06-1-F_Core 1-12-Tube,CGDMG01,Faruk Chamber,CGPCH06,Muradpur,48,,,,6.662,Underground,Robi
CGDMG29-CGDMG01-1-F_Core 1-48-Tube,CGDMG29,Akhteruzzaman,CGDMG01,Faruk Chamber,48,,,,2.554,Underground,Robi
CGHTZ18-CGHTZ11-1-F_Core 1-24-Tube,CGHTZ18,Dhaloy 55m land,CGHTZ11,Egaro mile,24,,,,11.084,Underground,Robi
CGKTL36-CGBAK08-1-F_Core 13-24-Ribbon,CGKTL36,VIP,CGBAK08,South Bakolia,48,,,,8.277,Underground,Robi
CGKTL36-CGCDGT1-1-F_Core 1-12-Ribbon,CGKTL36,VIP,CGCDGT1,Kalurghat BSC,48,,,,6.273,Underground,Robi
CGKTL36-CGKTL32-1-F_Core 19-24-Tube,CGKTL36,VIP,CGKTL32,Nandan Kanon,24,,,,3.987,Underground,Robi
CGKTL36-CGKTLT1-1-F_Core 13-18-Tube,CGKTL36,VIP,CGKTLT1,Azad Bhaban,24,,,,3.492,Underground,Robi
CGKTLT1-CGKTL32-1-F_Core 19-24-Tube,CGKTLT1,Azad Bhaban,CGKTL32,Nandan Kanon,24,,,,1.84,Underground,Robi
CGKTLT1-CGKTL32-2-F_Core 1-24-Ribbon,CGKTLT1,Azad Bhaban,CGKTL32,Nandan Kanon,48,,,,1.78,Underground,Robi
CGKTLT1-CTGICX01-1-F_Core 1-12-Tube,CGKTLT1,Azad Bhaban,CTGICX01,Press Club_M&H,24,,,,0.552,Underground,Robi
CGKTLT1-CTGICX01-2-F_Core 1-12-Ribbon,CGKTLT1,Azad Bhaban,CTGICX01,Press Club_M&H,48,,,,0.75,Underground,Robi
CGMIR01-CGSKD01-1-F_Core 1-44-Ribbon,CGMIR01,Wahidpur,CGSKD01,Fauzdarhat,48,,,,41.45,Underground,Robi
CGPCH03-CGPCH06-1-F_Core 1-12-Tube,CGPCH03,Shulokbahar,CGPCH06,Muradpur,48,,,,1.897,Underground,Robi
CGSKD01-CGDMG01-1-F_Core 1-48-Ribbon,CGSKD01,Fauzdarhat,CGDMG01,Faruk Chamber,48,,,,13.73,Underground,Robi
CMCDG01-FNSDR01-1-F_Core 1-48-Ribbon,CMCDG01,Falgunkara,FNSDR01,Lemua,48,,,,39.67,Underground,Robi
CMDKN01-CMSDR01-1-F_Core 1-48-Ribbon,CMDKN01,Gauripur,CMSDR01,Alekharchar,48,,,,44.965,Underground,Robi
CMSDR01-CMCDG01-1-F_Core 1-48-Ribbon,CMSDR01,Alekharchar,CMCDG01,Falgunkara,48,,,,42.641,Underground,Robi
DHADB06-DHTEJ02-1-F_Core 19-24-Ribbon,DHADB06,Anwar Landmark,DHTEJ02,SBN,48,,,,6.49,Underground,Robi
DHGUL48-DHGUL29-1-F_Core 13-24-Tube,DHGUL48,Kaderia,DHGUL29,Khaja Tower,24,,,,,Underground,Robi
DHGUL48-DHMJH28-1-F_Core 1-12-Ribbon,DHGUL48,Kaderia,DHMJH28,Twin,24,,,,,Underground,Robi
DHGUL48-DHTIA32-1-F_Core 1-24-Tube,DHGUL48,Kaderia,DHTIA32,Rupayan Garden,24,,,,2.3,Underground,Robi
DHGUL58-DHGUL48-2-F_Core 25-48-Ribbon,DHGUL58,Uday Tower,DHGUL48,Kaderia,48,,,,2.12,Underground,Robi
DHGUL58-DHGUL48-3-F_Core 1-48-Ribbon,DHGUL58,Uday Tower,DHGUL48,Kaderia,48,,,,2.12,Underground,Robi
DHGUL58-DHGUL48-4-F_Core 13-24-Tube,DHGUL58,Uday Tower,DHGUL48,Kaderia,24,,,,1.25,Underground,Robi
DHGUL58-DHGUL48-5-F_Core 1-20-Tube,DHGUL58,Uday Tower,DHGUL48,Kaderia,48,,,,1.15,Underground,Robi
DHGUL58-DHGUL71-1-F_Core 1-12-Ribbon,DHGUL58,Uday Tower,DHGUL71,Nafi Tower IBS,12,,,,0.3,Underground,Robi
DHGUL58-DHMJH28-1-F_Core 1-12-Ribbon,DHGUL58,Uday Tower,DHMJH28,Twin,48,,,,7.3,Underground,Robi
DHGUL58-DHUTT04-1-F_Core 1-18-Tube,DHGUL58,Uday Tower,DHUTT04,Mascot,24,,,,13.99,Underground,Robi
DHGUL58-Kazix-1-F_Core 19-24-Tube,DHGUL58,Uday Tower,Kazix,Kazi Tower,24,,,,5.42,Underground,Robi
DHGUL58-NGSNG01-1-F_Core 25-48-Ribbon,DHGUL58,Uday Tower,NGSNG01,Kanchpur,48,,,,25.6,Underground,Robi
DHMJH28-DHRMN03-1-F_Core 19-24-Tube,DHMJH28,Twin,DHRMN03,Moghbazar,24,,,,2.12,Underground,Robi
DHMJH28-DHSTR42-1-F_Core 1-24-Tube,DHMJH28,Twin,DHSTR42,Salahuddin,24,,,,2.12,Underground,Robi
DHMJH28-NGSNG01-2-F_Core 1-24-Ribbon,DHMJH28,Twin,NGSNG01,Kanchpur,48,,,,17.5,Underground,Robi
DHSTR42-DHMJH23-1-F_Core 1-24-Tube,DHSTR42,Salahuddin,DHMJH23,Eunoos Center,24,,,,2.21,Underground,Robi
DHTEJ15-DHADB06-1-F_Core 1-18-Ribbon,DHTEJ15,FEROZ,DHADB06,Anwar Landmark,48,,,,8.12,Underground,Robi
DHTEJ15-DHMJH28-1-F_Core 1-6-Tube,DHTEJ15,FEROZ,DHMJH28,Twin,24,,,,7.12,Underground,Robi
DHTEJ15-DHRMN03-1-F_Core 19-24-Tube,DHTEJ15,FEROZ,DHRMN03,Moghbazar,24,,,,4.12,Underground,Robi
DHTEJ15-DHTEJ02-1-F_Core 19-24-Ribbon,DHTEJ15,FEROZ,DHTEJ02,SBN,48,,,,2.634,Underground,Robi
DHTIA32-DHTEJ15-1-F_Core 1-20-Tube,DHTIA32,Rupayan Garden,DHTEJ15,FEROZ,24,,,,6.3,Underground,Robi
DHUTT04-DHUTT18-1-F_Core 1-12-Ribbon,DHUTT04,Mascot,DHUTT18,BMCH,48,,,,0.75,Underground,Robi
DHUTT04-Kazix-2-F_Core 19-24-Tube,DHUTT04,Mascot,Kazix,Kazi Tower,24,,,,11.87,Underground,Robi
FNSDR01-CGMIR01-1-F_Core 1-48-Ribbon,FNSDR01,Lemua,CGMIR01,Wahidpur,48,,,,43.376,Underground,Robi
GPSDR34-DHUTT04-1-F_Core 1-48-Tube,GPSDR34,Pubail land 75m,DHUTT04,Mascot,48,,,,10.5,Underground,Robi
GPSDR34-NSPLS02-1-F_Core 1-48-Tube,GPSDR34,Pubail land 75m,NSPLS02,Ghorashal Backbone 75m,48,,,,24.18,Underground,Robi
HGNBG03-SYBLG04-1-F_Core 1-48-Tube,HGNBG03,Debpara backbone 75m,SYBLG04,Kurua BKB 75m,48,,,,39.16,Underground,Robi
HGSDR02-HGNBG03-1-F_Core 1-48-Tube,HGSDR02,Saistaganj Backbone,HGNBG03,Debpara backbone 75m,48,,,,42.42,Underground,Robi
Kazix-DHUTT04-1-F_Core 19-24-Tube,Kazix,Kazi Tower,DHUTT04,Mascot,24,,,,7.84,Underground,Robi
NGRPG01-NSBLB02-1-F_Core 37-48-Tube,NGRPG01,Vulta,NSBLB02,Narayanpur Backbone 75m,48,,,,64.5,Underground,Robi
NGRPG01-NSPLS02-1-F_Core 13-48-Tube,NGRPG01,Vulta,NSPLS02,Ghorashal Backbone 75m,48,,,,30.91,Underground,Robi
NGSNG01-CMDKN01-1-F_Core 1-48-Ribbon,NGSNG01,Kanchpur,CMDKN01,Gauripur,48,,,,42.292,Underground,Robi
NGSNG01-DHGUL58-2-F_Core 25-48-Ribbon,NGSNG01,Kanchpur,DHGUL58,Uday Tower,48,,,,27,Underground,Robi
NGSNG01-DHMJH28-1-F_Core 1-24-Ribbon,NGSNG01,Kanchpur,DHMJH28,Twin,48,,,,9.57,Underground,Robi
NGSNG01-NGRPG01-1-F_Core 1-48-Tube,NGSNG01,Kanchpur,NGRPG01,Vulta,48,,,,13.2,Underground,Robi
NOBGM07-FNSDR01-1-F_Core 1-48-Tube,NOBGM07,Noakhali BSC,FNSDR01,Lemua,48,,,,46.838,Underground,Robi
NOBGM07-NOSNB07-1-F_Core 1-48-Tube,NOBGM07,Noakhali BSC,NOSNB07,Khajuria,48,,,,16.893,Underground,Robi
NOSNB07-LXRGN06-1-F_Core 1-48-Tube,NOSNB07,Khajuria,LXRGN06,Hanubaish,48,,,,37.149,Underground,Robi
NSBLB02-BMSDR04-1-F_Core 1-48-Tube,NSBLB02,Narayanpur Backbone 75m,BMSDR04,Bhudanti Backbone,48,,,,44.42,Underground,Robi
NSPLS02-NSBLB02-1-F_Core 1-12-Tube,NSPLS02,Ghorashal Backbone 75m,NSBLB02,Narayanpur Backbone 75m,48,,,,47.73,Underground,Robi
SYBLG04-SYSDR01-1-F_Core 1-48-Tube,SYBLG04,Kurua BKB 75m,SYSDR01,Jalalabad Gas Bhaban,48,,,,21.74,Underground,Robi
