Site Code,Site Name,ODF Number,Tray No.,Ports
NGSNG01,Kanchpur,1,1,12
NGSNG01,Kanchpur,1,2,12
DHMJH28,Twin,1,1,12
DHMJH28,Twin,2,1,24
DHMJH28,Twin,3,1,12
DHMJH28,Twin,4,1,24
DHMJH28,Twin,5,1,12
DHMJH28,Twin,5,2,12
DHMJH28,Twin,5,3,12
DHMJH28,Twin,5,4,12
DHMJH28,Twin,6,1,12
DHMJH28,Twin,6,2,12
DHMJH23,Eunoos Center,1,1,24
DHMJH23,Eunoos Center,2,1,24
DHMJH23,Eunoos Center,3,1,12
DHMJH23,Eunoos Center,3,2,12
DHMJH23,Eunoos Center,3,3,12
DHMJH23,Eunoos Center,3,4,12
DHMJH23,Eunoos Center,4,1,12
DHMJH23,Eunoos Center,4,2,12
Kazix,Kazi Tower,2,1,6
DHGUL58,Uday Tower,1,1,24
DHGUL58,Uday Tower,1,2,24
DHGUL58,Uday Tower,2,1,24
DHGUL58,Uday Tower,2,2,24
DHGUL58,Uday Tower,3,1,12
DHGUL58,Uday Tower,3,2,12
DHGUL58,Uday Tower,3,3,12
DHGUL58,Uday Tower,3,4,12
DHGUL58,Uday Tower,4,1,12
DHGUL58,Uday Tower,4,2,12
DHGUL58,Uday Tower,4,3,12
DHGUL58,Uday Tower,4,4,12
DHGUL58,Uday Tower,5,1,12
DHGUL58,Uday Tower,5,2,12
DHGUL58,Uday Tower,5,3,0
DHGUL58,Uday Tower,5,4,0
DHGUL58,Uday Tower,6,1,12
DHGUL58,Uday Tower,6,2,12
DHGUL58,Uday Tower,6,3,12
DHGUL58,Uday Tower,6,4,12
DHGUL58,Uday Tower,7,1,0
DHGUL58,Uday Tower,7,2,0
DHGUL58,Uday Tower,7,3,0
DHGUL58,Uday Tower,7,4,0
DHGUL58,Uday Tower,8,1,12
DHGUL58,Uday Tower,8,2,12
DHGUL58,Uday Tower,8,3,12
DHGUL58,Uday Tower,8,4,12
DHGUL58,Uday Tower,8,5,12
DHGUL58,Uday Tower,8,6,12
DHGUL58,Uday Tower,8,,
DHGUL58,Uday Tower,8,,
DHGUL48,Kaderia,2,1,24
DHGUL48,Kaderia,2,2,24
DHGUL48,Kaderia,1,1,12
DHGUL48,Kaderia,1,2,12
DHGUL48,Kaderia,1,3,12
DHGUL48,Kaderia,1,4,12
DHUTT04,Mascot,1,1,12
DHUTT04,Mascot,1,2,12
Kazix,Kazi Tower,1,1,6
SYSDR01,Jalalabad Gas Bhaban,1,1,12
SYSDR01,Jalalabad Gas Bhaban,1,2,12
SYSDR01,Jalalabad Gas Bhaban,1,3,12
SYSDR01,Jalalabad Gas Bhaban,1,4,12
SYSDR01,Jalalabad Gas Bhaban,2,1,12
SYBLG04,Kurua BKB 75m,1,1,12
SYBLG04,Kurua BKB 75m,1,2,12
SYBLG04,Kurua BKB 75m,1,3,12
SYBLG04,Kurua BKB 75m,1,4,12
SYBLG04,Kurua BKB 75m,2,1,12
SYBLG04,Kurua BKB 75m,2,2,12
SYBLG04,Kurua BKB 75m,2,3,12
SYBLG04,Kurua BKB 75m,2,4,12
CGDMG01,Faruk Chamber,1,1,12
CGDMG01,Faruk Chamber,1,2,12
CGDMG01,Faruk Chamber,1,3,12
CGDMG01,Faruk Chamber,1,4,12
CGDMG01,Faruk Chamber,2,1,12
CGDMG01,Faruk Chamber,2,2,12
CGDMG01,Faruk Chamber,2,3,12
CGDMG01,Faruk Chamber,2,4,12
CGDMG01,Faruk Chamber,3,1,12
CGDMG01,Faruk Chamber,4,1,12
CGDMG01,Faruk Chamber,4,2,12
CGDMG01,Faruk Chamber,4,3,12
CGDMG01,Faruk Chamber,5,1,12
CGDMG01,Faruk Chamber,6,1,6
CGDMG01,Faruk Chamber,7,1,12
CGDMG01,Faruk Chamber,7,2,12
CGDMG01,Faruk Chamber,8,1,12
CGDMG01,Faruk Chamber,9,1,12
CGDMG01,Faruk Chamber,9,2,12
CGDMG01,Faruk Chamber,9,3,12
CGDMG01,Faruk Chamber,9,4,12
CGKTL36,VIP,1,1,12
CGKTL36,VIP,2,1,6
CGKTL36,VIP,3,1,6
CGKTL36,VIP,4,1,12
CGKTL36,VIP,5,1,12
CGKTL32,Nandan Kanon,1,1,6
CGKTL32,Nandan Kanon,2,1,12
CGKTL32,Nandan Kanon,3,1,6
CGKTL32,Nandan Kanon,4,1,12
CGKTLT1,Azad Bhaban,1,1,12
CGKTLT1,Azad Bhaban,2,1,6
CGKTLT1,Azad Bhaban,3,1,6
CGKTLT1,Azad Bhaban,4,1,12
CGKTLT1,Azad Bhaban,5,1,6
CGKTLT1,Azad Bhaban,6,1,12
CGKTLT1,Azad Bhaban,7,1,12
CGBAK08,South Bakolia,1,1,12
CGBAK08,South Bakolia,2,1,12
CGHTZ18,Dhaloy 55m land,1,1,12
NOSNB07,Khajuria,1,1,12
NOSNB07,Khajuria,1,2,12
NOSNB07,Khajuria,1,3,12
NOSNB07,Khajuria,1,4,12
NOSNB07,Khajuria,2,1,12
NOSNB07,Khajuria,2,2,12
NOSNB07,Khajuria,2,3,12
NOSNB07,Khajuria,2,4,12
DHGUL58,Uday Tower,10,1,12
DHGUL58,Uday Tower,9,1,12
DHGUL48,Kaderia,13,1,12
DHGUL48,Kaderia,12,1,12
DHGUL48,Kaderia,11,1,12
DHGUL48,Kaderia,10,1,12
DHGUL48,Kaderia,9,1,12
DHGUL48,Kaderia,8,1,12
DHGUL48,Kaderia,7,1,12
DHGUL48,Kaderia,6,1,12
DHGUL48,Kaderia,6,2,12
DHGUL48,Kaderia,5,1,12
DHGUL48,Kaderia,4,1,12
DHGUL48,Kaderia,4,2,12
DHGUL48,Kaderia,3,1,12
DHGUL48,Kaderia,3,2,12
DHTIA32,Rupayan Garden,1,1,12
DHTIA32,Rupayan Garden,1,2,12
DHTIA32,Rupayan Garden,2,1,12
DHTIA32,Rupayan Garden,2,2,12
DHTEJ15,FEROZ,1,1,12
DHTEJ15,FEROZ,1,2,12
DHTEJ15,FEROZ,2,1,12
DHTEJ15,FEROZ,2,2,12
DHTEJ15,FEROZ,3,1,12
DHTEJ15,FEROZ,4,1,6
DHTEJ15,FEROZ,4,2,6
DHTEJ15,FEROZ,4,3,12
DHMJH28,Twin,7,1,6
DHSTR42,Salahuddin,1,1,12
DHSTR42,Salahuddin,1,2,12
DHSTR42,Salahuddin,2,1,12
DHSTR42,Salahuddin,2,2,12
FNSDR01,Lemua,1,1,12
FNSDR01,Lemua,1,2,12
FNSDR01,Lemua,1,3,12
FNSDR01,Lemua,1,4,12
FNSDR01,Lemua,2,1,12
FNSDR01,Lemua,2,2,12
FNSDR01,Lemua,2,3,12
FNSDR01,Lemua,2,4,12
FNSDR01,Lemua,3,1,12
FNSDR01,Lemua,3,2,12
FNSDR01,Lemua,3,3,12
FNSDR01,Lemua,3,4,12
NGSNG01,Kanchpur,1,3,12
NGSNG01,Kanchpur,1,4,12
NGRPG01,Vulta,1,1,12
NGRPG01,Vulta,1,2,12
NGRPG01,Vulta,1,3,12
NGRPG01,Vulta,2,1,12
NGRPG01,Vulta,3,1,12
NGRPG01,Vulta,3,2,12
NGRPG01,Vulta,3,3,12
NGRPG01,Vulta,3,4,12
NSPLS02,Ghorashal Backbone 75m,1,1,12
NSPLS02,Ghorashal Backbone 75m,1,2,12
NSPLS02,Ghorashal Backbone 75m,1,3,12
NSPLS02,Ghorashal Backbone 75m,1,4,12
NSPLS02,Ghorashal Backbone 75m,2,1,12
NSPLS02,Ghorashal Backbone 75m,3,1,12
NSPLS02,Ghorashal Backbone 75m,3,2,12
NSPLS02,Ghorashal Backbone 75m,3,3,12
GPSDR34,Pubail land 75m,1,1,12
GPSDR34,Pubail land 75m,1,2,12
GPSDR34,Pubail land 75m,1,3,12
GPSDR34,Pubail land 75m,1,4,12
GPSDR34,Pubail land 75m,2,1,12
GPSDR34,Pubail land 75m,2,2,12
GPSDR34,Pubail land 75m,2,3,12
GPSDR34,Pubail land 75m,2,4,12
DHUTT04,Mascot,1,3,12
DHUTT04,Mascot,1,4,12
DHUTT04,Mascot,2,1,12
DHUTT04,Mascot,2,2,12
DHUTT04,Mascot,3,1,12
DHUTT04,Mascot,4,1,6
DHUTT18,BMCH,1,1,12
DHRMN03,Moghbazar,1,1,6
DHRMN03,Moghbazar,2,1,6
CMDKN01,Gauripur,1,1,12
CMDKN01,Gauripur,1,2,12
CMDKN01,Gauripur,1,3,12
CMDKN01,Gauripur,1,4,12
CMDKN01,Gauripur,2,1,12
CMDKN01,Gauripur,2,2,12
CMDKN01,Gauripur,2,3,12
CMDKN01,Gauripur,2,4,12
CMSDR01,Alekharchar,1,1,12
CMSDR01,Alekharchar,1,2,12
CMSDR01,Alekharchar,1,3,12
CMSDR01,Alekharchar,1,4,12
CMSDR01,Alekharchar,2,1,12
CMSDR01,Alekharchar,2,2,12
CMSDR01,Alekharchar,2,3,12
CMSDR01,Alekharchar,2,4,12
CMCDG01,Falgunkara,1,1,12
CMCDG01,Falgunkara,1,2,12
CMCDG01,Falgunkara,1,3,12
CMCDG01,Falgunkara,1,4,12
CMCDG01,Falgunkara,2,1,12
CMCDG01,Falgunkara,2,2,12
CMCDG01,Falgunkara,2,3,12
CMCDG01,Falgunkara,2,4,12
CGMIR01,Wahidpur,1,1,12
CGMIR01,Wahidpur,1,2,12
CGMIR01,Wahidpur,1,3,12
CGMIR01,Wahidpur,1,4,12
CGMIR01,Wahidpur,2,1,12
CGMIR01,Wahidpur,2,2,12
CGMIR01,Wahidpur,2,3,12
CGMIR01,Wahidpur,2,4,12
CGSKD01,Fauzdarhat,1,1,12
CGSKD01,Fauzdarhat,1,2,12
CGSKD01,Fauzdarhat,1,3,12
CGSKD01,Fauzdarhat,1,4,12
CGSKD01,Fauzdarhat,2,1,12
CGSKD01,Fauzdarhat,2,2,12
CGSKD01,Fauzdarhat,2,3,12
CGSKD01,Fauzdarhat,2,4,12
NOBGM07,Noakhali BSC,1,1,12
NOBGM07,Noakhali BSC,1,2,12
NOBGM07,Noakhali BSC,1,3,12
NOBGM07,Noakhali BSC,1,4,12
NOBGM07,Noakhali BSC,2,1,12
NOBGM07,Noakhali BSC,2,2,12
NOBGM07,Noakhali BSC,2,3,12
NOBGM07,Noakhali BSC,2,4,12
HGNBG03,Debpara backbone 75m,1,1,12
HGNBG03,Debpara backbone 75m,1,2,12
HGNBG03,Debpara backbone 75m,1,3,12
HGNBG03,Debpara backbone 75m,1,4,12
HGNBG03,Debpara backbone 75m,2,1,12
HGNBG03,Debpara backbone 75m,2,2,12
HGNBG03,Debpara backbone 75m,2,3,12
HGNBG03,Debpara backbone 75m,2,4,12
CGDMG29,Akhteruzzaman,1,1,12
CGDMG29,Akhteruzzaman,1,2,12
CGDMG29,Akhteruzzaman,1,3,12
CGDMG29,Akhteruzzaman,1,4,12
CGDMG29,Akhteruzzaman,2,1,12
CGDMG29,Akhteruzzaman,2,2,12
CGDMG29,Akhteruzzaman,2,3,12
CGDMG29,Akhteruzzaman,2,4,12
BMSDR04,Bhudanti Backbone,1,1,12
BMSDR04,Bhudanti Backbone,1,2,12
BMSDR04,Bhudanti Backbone,1,3,12
BMSDR04,Bhudanti Backbone,1,4,12
BMSDR04,Bhudanti Backbone,2,1,12
BMSDR04,Bhudanti Backbone,2,2,12
BMSDR04,Bhudanti Backbone,2,3,12
BMSDR04,Bhudanti Backbone,2,4,12
HGSDR02,Saistaganj Backbone,1,1,12
HGSDR02,Saistaganj Backbone,1,2,12
HGSDR02,Saistaganj Backbone,1,3,12
HGSDR02,Saistaganj Backbone,1,4,12
HGSDR02,Saistaganj Backbone,2,1,12
HGSDR02,Saistaganj Backbone,2,2,12
HGSDR02,Saistaganj Backbone,2,3,12
HGSDR02,Saistaganj Backbone,2,4,12
NSBLB02,Narayanpur Backbone 75m,1,1,12
NSBLB02,Narayanpur Backbone 75m,2,1,12
NSBLB02,Narayanpur Backbone 75m,3,1,12
NSBLB02,Narayanpur Backbone 75m,3,2,12
NSBLB02,Narayanpur Backbone 75m,3,3,12
NSBLB02,Narayanpur Backbone 75m,3,4,12
CGCDGT1,Kalurghat BSC,1,1,12
CGCDGT1,Kalurghat BSC,2,1,12
CGCDGT1,Kalurghat BSC,3,1,12
CGCDGT1,Kalurghat BSC,4,1,12
CGCDGT1,Kalurghat BSC,4,2,12
CGCDGT1,Kalurghat BSC,4,3,12
DHADB06,Anwar Landmark,1,1,12
DHADB06,Anwar Landmark,1,2,6
DHTEJ02,SBN,1,1,12
DHMJH28,Twin,1,2,12
Kazix,Kazi Tower,2,1,6
CGKTLT1,Azad Bhaban,1,2,12
CTGICX01,Press Club_M&H,1,1,12
CTGICX01,Press Club_M&H,2,1,12
NGSNG01,Kanchpur,2,1,12
NGSNG01,Kanchpur,2,2,12
NGSNG01,Kanchpur,3,1,12
NGSNG01,Kanchpur,3,2,12
NGSNG01,Kanchpur,4,1,12
DHMJH28,Twin,3,2,12
CGCDG41,Chittagong South Core,1,1,12
CGCDG41,Chittagong South Core,1,2,12
CGCDG41,Chittagong South Core,1,3,12
CGCDG41,Chittagong South Core,1,4,12
CGCDGT1,Kalurghat BSC,5,1,12
CGCDG41,Chittagong South Core,2,1,12
CGCDG41,Chittagong South Core,2,2,12
CGCDG41,Chittagong South Core,2,3,12
CGCDG41,Chittagong South Core,2,4,12
CGBAK08,South Bakolia,3,1,12
CGBAK08,South Bakolia,3,2,12
CGBAK08,South Bakolia,3,3,12
CGBAK08,South Bakolia,3,4,12
CGHTZ11,Egaro mile,1,1,12
DHADB06,Anwar Landmark,2,1,6
NGSNG01,Kanchpur,4,2,12
NGSNG01,Kanchpur,4,3,12
NGSNG01,Kanchpur,4,4,12
CGSKN27,Keranirhat 42m land,1,1,12
CGSKN27,Keranirhat 42m land,1,2,12
CGSKN27,Keranirhat 42m land,2,1,12
CGSKN27,Keranirhat 42m land,2,2,6
CGSKN27,Keranirhat 42m land,2,3,12
